"sid","subtype","tech","dir","spatial_path","image_path","output_dir","pxl_x_col","pxl_y_col","barcode_col","diameter","count_matrix_dir"
"Human_Breast_Stahl_07012016_ST_Layer1",NA,"ST","/Users/zhiningsui/GitHub/STimage-1K4M//ST","/Users/zhiningsui/GitHub/STimage-1K4M//ST/coord/Human_Breast_Stahl_07012016_ST_Layer1_coord.csv","/Users/zhiningsui/GitHub/STimage-1K4M//ST/image/Human_Breast_Stahl_07012016_ST_Layer1.png","/Users/zhiningsui/GitHub/STimage-1K4M//ST/patch",3,2,1,144.45,"/Users/zhiningsui/GitHub/STimage-1K4M//ST/gene_exp/Human_Breast_Stahl_07012016_ST_Layer1_count.csv"
"Human_Breast_Stahl_07012016_ST_Layer2",NA,"ST","/Users/zhiningsui/GitHub/STimage-1K4M//ST","/Users/zhiningsui/GitHub/STimage-1K4M//ST/coord/Human_Breast_Stahl_07012016_ST_Layer2_coord.csv","/Users/zhiningsui/GitHub/STimage-1K4M//ST/image/Human_Breast_Stahl_07012016_ST_Layer2.png","/Users/zhiningsui/GitHub/STimage-1K4M//ST/patch",3,2,1,145.2,"/Users/zhiningsui/GitHub/STimage-1K4M//ST/gene_exp/Human_Breast_Stahl_07012016_ST_Layer2_count.csv"
"Human_Breast_Stahl_07012016_ST_Layer3",NA,"ST","/Users/zhiningsui/GitHub/STimage-1K4M//ST","/Users/zhiningsui/GitHub/STimage-1K4M//ST/coord/Human_Breast_Stahl_07012016_ST_Layer3_coord.csv","/Users/zhiningsui/GitHub/STimage-1K4M//ST/image/Human_Breast_Stahl_07012016_ST_Layer3.png","/Users/zhiningsui/GitHub/STimage-1K4M//ST/patch",3,2,1,144.95,"/Users/zhiningsui/GitHub/STimage-1K4M//ST/gene_exp/Human_Breast_Stahl_07012016_ST_Layer3_count.csv"
"Human_Breast_Stahl_07012016_ST_Layer4",NA,"ST","/Users/zhiningsui/GitHub/STimage-1K4M//ST","/Users/zhiningsui/GitHub/STimage-1K4M//ST/coord/Human_Breast_Stahl_07012016_ST_Layer4_coord.csv","/Users/zhiningsui/GitHub/STimage-1K4M//ST/image/Human_Breast_Stahl_07012016_ST_Layer4.png","/Users/zhiningsui/GitHub/STimage-1K4M//ST/patch",3,2,1,144.7,"/Users/zhiningsui/GitHub/STimage-1K4M//ST/gene_exp/Human_Breast_Stahl_07012016_ST_Layer4_count.csv"
"Human_Breast_He_06222020_ST_BC23209_C1","TNBC","ST","/Users/zhiningsui/GitHub/STimage-1K4M//ST","/Users/zhiningsui/GitHub/STimage-1K4M//ST/coord/Human_Breast_He_06222020_ST_BC23209_C1_coord.csv","/Users/zhiningsui/GitHub/STimage-1K4M//ST/image/Human_Breast_He_06222020_ST_BC23209_C1.png","/Users/zhiningsui/GitHub/STimage-1K4M//ST/patch",3,2,1,224,"/Users/zhiningsui/GitHub/STimage-1K4M//ST/gene_exp/Human_Breast_He_06222020_ST_BC23209_C1_count.csv"
"Human_Breast_He_06222020_ST_BC23209_C2","TNBC","ST","/Users/zhiningsui/GitHub/STimage-1K4M//ST","/Users/zhiningsui/GitHub/STimage-1K4M//ST/coord/Human_Breast_He_06222020_ST_BC23209_C2_coord.csv","/Users/zhiningsui/GitHub/STimage-1K4M//ST/image/Human_Breast_He_06222020_ST_BC23209_C2.png","/Users/zhiningsui/GitHub/STimage-1K4M//ST/patch",3,2,1,224,"/Users/zhiningsui/GitHub/STimage-1K4M//ST/gene_exp/Human_Breast_He_06222020_ST_BC23209_C2_count.csv"
"Human_Breast_He_06222020_ST_BC23209_D1","TNBC","ST","/Users/zhiningsui/GitHub/STimage-1K4M//ST","/Users/zhiningsui/GitHub/STimage-1K4M//ST/coord/Human_Breast_He_06222020_ST_BC23209_D1_coord.csv","/Users/zhiningsui/GitHub/STimage-1K4M//ST/image/Human_Breast_He_06222020_ST_BC23209_D1.png","/Users/zhiningsui/GitHub/STimage-1K4M//ST/patch",3,2,1,224,"/Users/zhiningsui/GitHub/STimage-1K4M//ST/gene_exp/Human_Breast_He_06222020_ST_BC23209_D1_count.csv"
"Human_Breast_He_06222020_ST_BC23268_C1","Luminal_A","ST","/Users/zhiningsui/GitHub/STimage-1K4M//ST","/Users/zhiningsui/GitHub/STimage-1K4M//ST/coord/Human_Breast_He_06222020_ST_BC23268_C1_coord.csv","/Users/zhiningsui/GitHub/STimage-1K4M//ST/image/Human_Breast_He_06222020_ST_BC23268_C1.png","/Users/zhiningsui/GitHub/STimage-1K4M//ST/patch",3,2,1,224,"/Users/zhiningsui/GitHub/STimage-1K4M//ST/gene_exp/Human_Breast_He_06222020_ST_BC23268_C1_count.csv"
"Human_Breast_He_06222020_ST_BC23268_C2","Luminal_A","ST","/Users/zhiningsui/GitHub/STimage-1K4M//ST","/Users/zhiningsui/GitHub/STimage-1K4M//ST/coord/Human_Breast_He_06222020_ST_BC23268_C2_coord.csv","/Users/zhiningsui/GitHub/STimage-1K4M//ST/image/Human_Breast_He_06222020_ST_BC23268_C2.png","/Users/zhiningsui/GitHub/STimage-1K4M//ST/patch",3,2,1,224,"/Users/zhiningsui/GitHub/STimage-1K4M//ST/gene_exp/Human_Breast_He_06222020_ST_BC23268_C2_count.csv"
"Human_Breast_He_06222020_ST_BC23268_D1","Luminal_A","ST","/Users/zhiningsui/GitHub/STimage-1K4M//ST","/Users/zhiningsui/GitHub/STimage-1K4M//ST/coord/Human_Breast_He_06222020_ST_BC23268_D1_coord.csv","/Users/zhiningsui/GitHub/STimage-1K4M//ST/image/Human_Breast_He_06222020_ST_BC23268_D1.png","/Users/zhiningsui/GitHub/STimage-1K4M//ST/patch",3,2,1,224,"/Users/zhiningsui/GitHub/STimage-1K4M//ST/gene_exp/Human_Breast_He_06222020_ST_BC23268_D1_count.csv"
"Human_Breast_He_06222020_ST_BC23269_C1","Luminal_A","ST","/Users/zhiningsui/GitHub/STimage-1K4M//ST","/Users/zhiningsui/GitHub/STimage-1K4M//ST/coord/Human_Breast_He_06222020_ST_BC23269_C1_coord.csv","/Users/zhiningsui/GitHub/STimage-1K4M//ST/image/Human_Breast_He_06222020_ST_BC23269_C1.png","/Users/zhiningsui/GitHub/STimage-1K4M//ST/patch",3,2,1,224,"/Users/zhiningsui/GitHub/STimage-1K4M//ST/gene_exp/Human_Breast_He_06222020_ST_BC23269_C1_count.csv"
"Human_Breast_He_06222020_ST_BC23269_C2","Luminal_A","ST","/Users/zhiningsui/GitHub/STimage-1K4M//ST","/Users/zhiningsui/GitHub/STimage-1K4M//ST/coord/Human_Breast_He_06222020_ST_BC23269_C2_coord.csv","/Users/zhiningsui/GitHub/STimage-1K4M//ST/image/Human_Breast_He_06222020_ST_BC23269_C2.png","/Users/zhiningsui/GitHub/STimage-1K4M//ST/patch",3,2,1,224,"/Users/zhiningsui/GitHub/STimage-1K4M//ST/gene_exp/Human_Breast_He_06222020_ST_BC23269_C2_count.csv"
"Human_Breast_He_06222020_ST_BC23269_D1","Luminal_A","ST","/Users/zhiningsui/GitHub/STimage-1K4M//ST","/Users/zhiningsui/GitHub/STimage-1K4M//ST/coord/Human_Breast_He_06222020_ST_BC23269_D1_coord.csv","/Users/zhiningsui/GitHub/STimage-1K4M//ST/image/Human_Breast_He_06222020_ST_BC23269_D1.png","/Users/zhiningsui/GitHub/STimage-1K4M//ST/patch",3,2,1,224,"/Users/zhiningsui/GitHub/STimage-1K4M//ST/gene_exp/Human_Breast_He_06222020_ST_BC23269_D1_count.csv"
"Human_Breast_He_06222020_ST_BC23270_D2","Luminal_B","ST","/Users/zhiningsui/GitHub/STimage-1K4M//ST","/Users/zhiningsui/GitHub/STimage-1K4M//ST/coord/Human_Breast_He_06222020_ST_BC23270_D2_coord.csv","/Users/zhiningsui/GitHub/STimage-1K4M//ST/image/Human_Breast_He_06222020_ST_BC23270_D2.png","/Users/zhiningsui/GitHub/STimage-1K4M//ST/patch",3,2,1,224,"/Users/zhiningsui/GitHub/STimage-1K4M//ST/gene_exp/Human_Breast_He_06222020_ST_BC23270_D2_count.csv"
"Human_Breast_He_06222020_ST_BC23270_E1","Luminal_B","ST","/Users/zhiningsui/GitHub/STimage-1K4M//ST","/Users/zhiningsui/GitHub/STimage-1K4M//ST/coord/Human_Breast_He_06222020_ST_BC23270_E1_coord.csv","/Users/zhiningsui/GitHub/STimage-1K4M//ST/image/Human_Breast_He_06222020_ST_BC23270_E1.png","/Users/zhiningsui/GitHub/STimage-1K4M//ST/patch",3,2,1,224,"/Users/zhiningsui/GitHub/STimage-1K4M//ST/gene_exp/Human_Breast_He_06222020_ST_BC23270_E1_count.csv"
"Human_Breast_He_06222020_ST_BC23270_E2","Luminal_B","ST","/Users/zhiningsui/GitHub/STimage-1K4M//ST","/Users/zhiningsui/GitHub/STimage-1K4M//ST/coord/Human_Breast_He_06222020_ST_BC23270_E2_coord.csv","/Users/zhiningsui/GitHub/STimage-1K4M//ST/image/Human_Breast_He_06222020_ST_BC23270_E2.png","/Users/zhiningsui/GitHub/STimage-1K4M//ST/patch",3,2,1,224,"/Users/zhiningsui/GitHub/STimage-1K4M//ST/gene_exp/Human_Breast_He_06222020_ST_BC23270_E2_count.csv"
"Human_Breast_He_06222020_ST_BC23272_D2","Luminal_A","ST","/Users/zhiningsui/GitHub/STimage-1K4M//ST","/Users/zhiningsui/GitHub/STimage-1K4M//ST/coord/Human_Breast_He_06222020_ST_BC23272_D2_coord.csv","/Users/zhiningsui/GitHub/STimage-1K4M//ST/image/Human_Breast_He_06222020_ST_BC23272_D2.png","/Users/zhiningsui/GitHub/STimage-1K4M//ST/patch",3,2,1,224,"/Users/zhiningsui/GitHub/STimage-1K4M//ST/gene_exp/Human_Breast_He_06222020_ST_BC23272_D2_count.csv"
"Human_Breast_He_06222020_ST_BC23272_E1","Luminal_A","ST","/Users/zhiningsui/GitHub/STimage-1K4M//ST","/Users/zhiningsui/GitHub/STimage-1K4M//ST/coord/Human_Breast_He_06222020_ST_BC23272_E1_coord.csv","/Users/zhiningsui/GitHub/STimage-1K4M//ST/image/Human_Breast_He_06222020_ST_BC23272_E1.png","/Users/zhiningsui/GitHub/STimage-1K4M//ST/patch",3,2,1,224,"/Users/zhiningsui/GitHub/STimage-1K4M//ST/gene_exp/Human_Breast_He_06222020_ST_BC23272_E1_count.csv"
"Human_Breast_He_06222020_ST_BC23272_E2","Luminal_A","ST","/Users/zhiningsui/GitHub/STimage-1K4M//ST","/Users/zhiningsui/GitHub/STimage-1K4M//ST/coord/Human_Breast_He_06222020_ST_BC23272_E2_coord.csv","/Users/zhiningsui/GitHub/STimage-1K4M//ST/image/Human_Breast_He_06222020_ST_BC23272_E2.png","/Users/zhiningsui/GitHub/STimage-1K4M//ST/patch",3,2,1,224,"/Users/zhiningsui/GitHub/STimage-1K4M//ST/gene_exp/Human_Breast_He_06222020_ST_BC23272_E2_count.csv"
"Human_Breast_He_06222020_ST_BC23277_D2","Luminal_B","ST","/Users/zhiningsui/GitHub/STimage-1K4M//ST","/Users/zhiningsui/GitHub/STimage-1K4M//ST/coord/Human_Breast_He_06222020_ST_BC23277_D2_coord.csv","/Users/zhiningsui/GitHub/STimage-1K4M//ST/image/Human_Breast_He_06222020_ST_BC23277_D2.png","/Users/zhiningsui/GitHub/STimage-1K4M//ST/patch",3,2,1,224,"/Users/zhiningsui/GitHub/STimage-1K4M//ST/gene_exp/Human_Breast_He_06222020_ST_BC23277_D2_count.csv"
"Human_Breast_He_06222020_ST_BC23277_E1","Luminal_B","ST","/Users/zhiningsui/GitHub/STimage-1K4M//ST","/Users/zhiningsui/GitHub/STimage-1K4M//ST/coord/Human_Breast_He_06222020_ST_BC23277_E1_coord.csv","/Users/zhiningsui/GitHub/STimage-1K4M//ST/image/Human_Breast_He_06222020_ST_BC23277_E1.png","/Users/zhiningsui/GitHub/STimage-1K4M//ST/patch",3,2,1,224,"/Users/zhiningsui/GitHub/STimage-1K4M//ST/gene_exp/Human_Breast_He_06222020_ST_BC23277_E1_count.csv"
"Human_Breast_He_06222020_ST_BC23277_E2","Luminal_B","ST","/Users/zhiningsui/GitHub/STimage-1K4M//ST","/Users/zhiningsui/GitHub/STimage-1K4M//ST/coord/Human_Breast_He_06222020_ST_BC23277_E2_coord.csv","/Users/zhiningsui/GitHub/STimage-1K4M//ST/image/Human_Breast_He_06222020_ST_BC23277_E2.png","/Users/zhiningsui/GitHub/STimage-1K4M//ST/patch",3,2,1,224,"/Users/zhiningsui/GitHub/STimage-1K4M//ST/gene_exp/Human_Breast_He_06222020_ST_BC23277_E2_count.csv"
"Human_Breast_He_06222020_ST_BC23287_C1","HER2_luminal","ST","/Users/zhiningsui/GitHub/STimage-1K4M//ST","/Users/zhiningsui/GitHub/STimage-1K4M//ST/coord/Human_Breast_He_06222020_ST_BC23287_C1_coord.csv","/Users/zhiningsui/GitHub/STimage-1K4M//ST/image/Human_Breast_He_06222020_ST_BC23287_C1.png","/Users/zhiningsui/GitHub/STimage-1K4M//ST/patch",3,2,1,224,"/Users/zhiningsui/GitHub/STimage-1K4M//ST/gene_exp/Human_Breast_He_06222020_ST_BC23287_C1_count.csv"
"Human_Breast_He_06222020_ST_BC23287_C2","HER2_luminal","ST","/Users/zhiningsui/GitHub/STimage-1K4M//ST","/Users/zhiningsui/GitHub/STimage-1K4M//ST/coord/Human_Breast_He_06222020_ST_BC23287_C2_coord.csv","/Users/zhiningsui/GitHub/STimage-1K4M//ST/image/Human_Breast_He_06222020_ST_BC23287_C2.png","/Users/zhiningsui/GitHub/STimage-1K4M//ST/patch",3,2,1,224,"/Users/zhiningsui/GitHub/STimage-1K4M//ST/gene_exp/Human_Breast_He_06222020_ST_BC23287_C2_count.csv"
"Human_Breast_He_06222020_ST_BC23287_D1","HER2_luminal","ST","/Users/zhiningsui/GitHub/STimage-1K4M//ST","/Users/zhiningsui/GitHub/STimage-1K4M//ST/coord/Human_Breast_He_06222020_ST_BC23287_D1_coord.csv","/Users/zhiningsui/GitHub/STimage-1K4M//ST/image/Human_Breast_He_06222020_ST_BC23287_D1.png","/Users/zhiningsui/GitHub/STimage-1K4M//ST/patch",3,2,1,224,"/Users/zhiningsui/GitHub/STimage-1K4M//ST/gene_exp/Human_Breast_He_06222020_ST_BC23287_D1_count.csv"
"Human_Breast_He_06222020_ST_BC23288_D2","TNBC","ST","/Users/zhiningsui/GitHub/STimage-1K4M//ST","/Users/zhiningsui/GitHub/STimage-1K4M//ST/coord/Human_Breast_He_06222020_ST_BC23288_D2_coord.csv","/Users/zhiningsui/GitHub/STimage-1K4M//ST/image/Human_Breast_He_06222020_ST_BC23288_D2.png","/Users/zhiningsui/GitHub/STimage-1K4M//ST/patch",3,2,1,224,"/Users/zhiningsui/GitHub/STimage-1K4M//ST/gene_exp/Human_Breast_He_06222020_ST_BC23288_D2_count.csv"
"Human_Breast_He_06222020_ST_BC23288_E1","TNBC","ST","/Users/zhiningsui/GitHub/STimage-1K4M//ST","/Users/zhiningsui/GitHub/STimage-1K4M//ST/coord/Human_Breast_He_06222020_ST_BC23288_E1_coord.csv","/Users/zhiningsui/GitHub/STimage-1K4M//ST/image/Human_Breast_He_06222020_ST_BC23288_E1.png","/Users/zhiningsui/GitHub/STimage-1K4M//ST/patch",3,2,1,224,"/Users/zhiningsui/GitHub/STimage-1K4M//ST/gene_exp/Human_Breast_He_06222020_ST_BC23288_E1_count.csv"
"Human_Breast_He_06222020_ST_BC23288_E2","TNBC","ST","/Users/zhiningsui/GitHub/STimage-1K4M//ST","/Users/zhiningsui/GitHub/STimage-1K4M//ST/coord/Human_Breast_He_06222020_ST_BC23288_E2_coord.csv","/Users/zhiningsui/GitHub/STimage-1K4M//ST/image/Human_Breast_He_06222020_ST_BC23288_E2.png","/Users/zhiningsui/GitHub/STimage-1K4M//ST/patch",3,2,1,224,"/Users/zhiningsui/GitHub/STimage-1K4M//ST/gene_exp/Human_Breast_He_06222020_ST_BC23288_E2_count.csv"
"Human_Breast_He_06222020_ST_BC23377_C1","TNBC","ST","/Users/zhiningsui/GitHub/STimage-1K4M//ST","/Users/zhiningsui/GitHub/STimage-1K4M//ST/coord/Human_Breast_He_06222020_ST_BC23377_C1_coord.csv","/Users/zhiningsui/GitHub/STimage-1K4M//ST/image/Human_Breast_He_06222020_ST_BC23377_C1.png","/Users/zhiningsui/GitHub/STimage-1K4M//ST/patch",3,2,1,224,"/Users/zhiningsui/GitHub/STimage-1K4M//ST/gene_exp/Human_Breast_He_06222020_ST_BC23377_C1_count.csv"
"Human_Breast_He_06222020_ST_BC23377_C2","TNBC","ST","/Users/zhiningsui/GitHub/STimage-1K4M//ST","/Users/zhiningsui/GitHub/STimage-1K4M//ST/coord/Human_Breast_He_06222020_ST_BC23377_C2_coord.csv","/Users/zhiningsui/GitHub/STimage-1K4M//ST/image/Human_Breast_He_06222020_ST_BC23377_C2.png","/Users/zhiningsui/GitHub/STimage-1K4M//ST/patch",3,2,1,224,"/Users/zhiningsui/GitHub/STimage-1K4M//ST/gene_exp/Human_Breast_He_06222020_ST_BC23377_C2_count.csv"
"Human_Breast_He_06222020_ST_BC23377_D1","TNBC","ST","/Users/zhiningsui/GitHub/STimage-1K4M//ST","/Users/zhiningsui/GitHub/STimage-1K4M//ST/coord/Human_Breast_He_06222020_ST_BC23377_D1_coord.csv","/Users/zhiningsui/GitHub/STimage-1K4M//ST/image/Human_Breast_He_06222020_ST_BC23377_D1.png","/Users/zhiningsui/GitHub/STimage-1K4M//ST/patch",3,2,1,224,"/Users/zhiningsui/GitHub/STimage-1K4M//ST/gene_exp/Human_Breast_He_06222020_ST_BC23377_D1_count.csv"
"Human_Breast_He_06222020_ST_BC23450_D2","HER2_luminal","ST","/Users/zhiningsui/GitHub/STimage-1K4M//ST","/Users/zhiningsui/GitHub/STimage-1K4M//ST/coord/Human_Breast_He_06222020_ST_BC23450_D2_coord.csv","/Users/zhiningsui/GitHub/STimage-1K4M//ST/image/Human_Breast_He_06222020_ST_BC23450_D2.png","/Users/zhiningsui/GitHub/STimage-1K4M//ST/patch",3,2,1,224,"/Users/zhiningsui/GitHub/STimage-1K4M//ST/gene_exp/Human_Breast_He_06222020_ST_BC23450_D2_count.csv"
"Human_Breast_He_06222020_ST_BC23450_E1","HER2_luminal","ST","/Users/zhiningsui/GitHub/STimage-1K4M//ST","/Users/zhiningsui/GitHub/STimage-1K4M//ST/coord/Human_Breast_He_06222020_ST_BC23450_E1_coord.csv","/Users/zhiningsui/GitHub/STimage-1K4M//ST/image/Human_Breast_He_06222020_ST_BC23450_E1.png","/Users/zhiningsui/GitHub/STimage-1K4M//ST/patch",3,2,1,224,"/Users/zhiningsui/GitHub/STimage-1K4M//ST/gene_exp/Human_Breast_He_06222020_ST_BC23450_E1_count.csv"
"Human_Breast_He_06222020_ST_BC23450_E2","HER2_luminal","ST","/Users/zhiningsui/GitHub/STimage-1K4M//ST","/Users/zhiningsui/GitHub/STimage-1K4M//ST/coord/Human_Breast_He_06222020_ST_BC23450_E2_coord.csv","/Users/zhiningsui/GitHub/STimage-1K4M//ST/image/Human_Breast_He_06222020_ST_BC23450_E2.png","/Users/zhiningsui/GitHub/STimage-1K4M//ST/patch",3,2,1,224,"/Users/zhiningsui/GitHub/STimage-1K4M//ST/gene_exp/Human_Breast_He_06222020_ST_BC23450_E2_count.csv"
"Human_Breast_He_06222020_ST_BC23506_C1","Luminal_B","ST","/Users/zhiningsui/GitHub/STimage-1K4M//ST","/Users/zhiningsui/GitHub/STimage-1K4M//ST/coord/Human_Breast_He_06222020_ST_BC23506_C1_coord.csv","/Users/zhiningsui/GitHub/STimage-1K4M//ST/image/Human_Breast_He_06222020_ST_BC23506_C1.png","/Users/zhiningsui/GitHub/STimage-1K4M//ST/patch",3,2,1,224,"/Users/zhiningsui/GitHub/STimage-1K4M//ST/gene_exp/Human_Breast_He_06222020_ST_BC23506_C1_count.csv"
"Human_Breast_He_06222020_ST_BC23506_C2","Luminal_B","ST","/Users/zhiningsui/GitHub/STimage-1K4M//ST","/Users/zhiningsui/GitHub/STimage-1K4M//ST/coord/Human_Breast_He_06222020_ST_BC23506_C2_coord.csv","/Users/zhiningsui/GitHub/STimage-1K4M//ST/image/Human_Breast_He_06222020_ST_BC23506_C2.png","/Users/zhiningsui/GitHub/STimage-1K4M//ST/patch",3,2,1,224,"/Users/zhiningsui/GitHub/STimage-1K4M//ST/gene_exp/Human_Breast_He_06222020_ST_BC23506_C2_count.csv"
"Human_Breast_He_06222020_ST_BC23506_D1","Luminal_B","ST","/Users/zhiningsui/GitHub/STimage-1K4M//ST","/Users/zhiningsui/GitHub/STimage-1K4M//ST/coord/Human_Breast_He_06222020_ST_BC23506_D1_coord.csv","/Users/zhiningsui/GitHub/STimage-1K4M//ST/image/Human_Breast_He_06222020_ST_BC23506_D1.png","/Users/zhiningsui/GitHub/STimage-1K4M//ST/patch",3,2,1,224,"/Users/zhiningsui/GitHub/STimage-1K4M//ST/gene_exp/Human_Breast_He_06222020_ST_BC23506_D1_count.csv"
"Human_Breast_He_06222020_ST_BC23508_D2","Luminal_B","ST","/Users/zhiningsui/GitHub/STimage-1K4M//ST","/Users/zhiningsui/GitHub/STimage-1K4M//ST/coord/Human_Breast_He_06222020_ST_BC23508_D2_coord.csv","/Users/zhiningsui/GitHub/STimage-1K4M//ST/image/Human_Breast_He_06222020_ST_BC23508_D2.png","/Users/zhiningsui/GitHub/STimage-1K4M//ST/patch",3,2,1,224,"/Users/zhiningsui/GitHub/STimage-1K4M//ST/gene_exp/Human_Breast_He_06222020_ST_BC23508_D2_count.csv"
"Human_Breast_He_06222020_ST_BC23508_E1","Luminal_B","ST","/Users/zhiningsui/GitHub/STimage-1K4M//ST","/Users/zhiningsui/GitHub/STimage-1K4M//ST/coord/Human_Breast_He_06222020_ST_BC23508_E1_coord.csv","/Users/zhiningsui/GitHub/STimage-1K4M//ST/image/Human_Breast_He_06222020_ST_BC23508_E1.png","/Users/zhiningsui/GitHub/STimage-1K4M//ST/patch",3,2,1,224,"/Users/zhiningsui/GitHub/STimage-1K4M//ST/gene_exp/Human_Breast_He_06222020_ST_BC23508_E1_count.csv"
"Human_Breast_He_06222020_ST_BC23508_E2","Luminal_B","ST","/Users/zhiningsui/GitHub/STimage-1K4M//ST","/Users/zhiningsui/GitHub/STimage-1K4M//ST/coord/Human_Breast_He_06222020_ST_BC23508_E2_coord.csv","/Users/zhiningsui/GitHub/STimage-1K4M//ST/image/Human_Breast_He_06222020_ST_BC23508_E2.png","/Users/zhiningsui/GitHub/STimage-1K4M//ST/patch",3,2,1,224,"/Users/zhiningsui/GitHub/STimage-1K4M//ST/gene_exp/Human_Breast_He_06222020_ST_BC23508_E2_count.csv"
"Human_Breast_He_06222020_ST_BC23567_D2","HER2_non_luminal","ST","/Users/zhiningsui/GitHub/STimage-1K4M//ST","/Users/zhiningsui/GitHub/STimage-1K4M//ST/coord/Human_Breast_He_06222020_ST_BC23567_D2_coord.csv","/Users/zhiningsui/GitHub/STimage-1K4M//ST/image/Human_Breast_He_06222020_ST_BC23567_D2.png","/Users/zhiningsui/GitHub/STimage-1K4M//ST/patch",3,2,1,224,"/Users/zhiningsui/GitHub/STimage-1K4M//ST/gene_exp/Human_Breast_He_06222020_ST_BC23567_D2_count.csv"
"Human_Breast_He_06222020_ST_BC23567_E1","HER2_non_luminal","ST","/Users/zhiningsui/GitHub/STimage-1K4M//ST","/Users/zhiningsui/GitHub/STimage-1K4M//ST/coord/Human_Breast_He_06222020_ST_BC23567_E1_coord.csv","/Users/zhiningsui/GitHub/STimage-1K4M//ST/image/Human_Breast_He_06222020_ST_BC23567_E1.png","/Users/zhiningsui/GitHub/STimage-1K4M//ST/patch",3,2,1,224,"/Users/zhiningsui/GitHub/STimage-1K4M//ST/gene_exp/Human_Breast_He_06222020_ST_BC23567_E1_count.csv"
"Human_Breast_He_06222020_ST_BC23567_E2","HER2_non_luminal","ST","/Users/zhiningsui/GitHub/STimage-1K4M//ST","/Users/zhiningsui/GitHub/STimage-1K4M//ST/coord/Human_Breast_He_06222020_ST_BC23567_E2_coord.csv","/Users/zhiningsui/GitHub/STimage-1K4M//ST/image/Human_Breast_He_06222020_ST_BC23567_E2.png","/Users/zhiningsui/GitHub/STimage-1K4M//ST/patch",3,2,1,224,"/Users/zhiningsui/GitHub/STimage-1K4M//ST/gene_exp/Human_Breast_He_06222020_ST_BC23567_E2_count.csv"
"Human_Breast_He_06222020_ST_BC23803_D2","TNBC","ST","/Users/zhiningsui/GitHub/STimage-1K4M//ST","/Users/zhiningsui/GitHub/STimage-1K4M//ST/coord/Human_Breast_He_06222020_ST_BC23803_D2_coord.csv","/Users/zhiningsui/GitHub/STimage-1K4M//ST/image/Human_Breast_He_06222020_ST_BC23803_D2.png","/Users/zhiningsui/GitHub/STimage-1K4M//ST/patch",3,2,1,224,"/Users/zhiningsui/GitHub/STimage-1K4M//ST/gene_exp/Human_Breast_He_06222020_ST_BC23803_D2_count.csv"
"Human_Breast_He_06222020_ST_BC23803_E1","TNBC","ST","/Users/zhiningsui/GitHub/STimage-1K4M//ST","/Users/zhiningsui/GitHub/STimage-1K4M//ST/coord/Human_Breast_He_06222020_ST_BC23803_E1_coord.csv","/Users/zhiningsui/GitHub/STimage-1K4M//ST/image/Human_Breast_He_06222020_ST_BC23803_E1.png","/Users/zhiningsui/GitHub/STimage-1K4M//ST/patch",3,2,1,224,"/Users/zhiningsui/GitHub/STimage-1K4M//ST/gene_exp/Human_Breast_He_06222020_ST_BC23803_E1_count.csv"
"Human_Breast_He_06222020_ST_BC23803_E2","TNBC","ST","/Users/zhiningsui/GitHub/STimage-1K4M//ST","/Users/zhiningsui/GitHub/STimage-1K4M//ST/coord/Human_Breast_He_06222020_ST_BC23803_E2_coord.csv","/Users/zhiningsui/GitHub/STimage-1K4M//ST/image/Human_Breast_He_06222020_ST_BC23803_E2.png","/Users/zhiningsui/GitHub/STimage-1K4M//ST/patch",3,2,1,224,"/Users/zhiningsui/GitHub/STimage-1K4M//ST/gene_exp/Human_Breast_He_06222020_ST_BC23803_E2_count.csv"
"Human_Breast_He_06222020_ST_BC23810_D2","HER2_non_luminal","ST","/Users/zhiningsui/GitHub/STimage-1K4M//ST","/Users/zhiningsui/GitHub/STimage-1K4M//ST/coord/Human_Breast_He_06222020_ST_BC23810_D2_coord.csv","/Users/zhiningsui/GitHub/STimage-1K4M//ST/image/Human_Breast_He_06222020_ST_BC23810_D2.png","/Users/zhiningsui/GitHub/STimage-1K4M//ST/patch",3,2,1,224,"/Users/zhiningsui/GitHub/STimage-1K4M//ST/gene_exp/Human_Breast_He_06222020_ST_BC23810_D2_count.csv"
"Human_Breast_He_06222020_ST_BC23810_E1","HER2_non_luminal","ST","/Users/zhiningsui/GitHub/STimage-1K4M//ST","/Users/zhiningsui/GitHub/STimage-1K4M//ST/coord/Human_Breast_He_06222020_ST_BC23810_E1_coord.csv","/Users/zhiningsui/GitHub/STimage-1K4M//ST/image/Human_Breast_He_06222020_ST_BC23810_E1.png","/Users/zhiningsui/GitHub/STimage-1K4M//ST/patch",3,2,1,224,"/Users/zhiningsui/GitHub/STimage-1K4M//ST/gene_exp/Human_Breast_He_06222020_ST_BC23810_E1_count.csv"
"Human_Breast_He_06222020_ST_BC23810_E2","HER2_non_luminal","ST","/Users/zhiningsui/GitHub/STimage-1K4M//ST","/Users/zhiningsui/GitHub/STimage-1K4M//ST/coord/Human_Breast_He_06222020_ST_BC23810_E2_coord.csv","/Users/zhiningsui/GitHub/STimage-1K4M//ST/image/Human_Breast_He_06222020_ST_BC23810_E2.png","/Users/zhiningsui/GitHub/STimage-1K4M//ST/patch",3,2,1,224,"/Users/zhiningsui/GitHub/STimage-1K4M//ST/gene_exp/Human_Breast_He_06222020_ST_BC23810_E2_count.csv"
"Human_Breast_He_06222020_ST_BC23895_C1","Luminal_B","ST","/Users/zhiningsui/GitHub/STimage-1K4M//ST","/Users/zhiningsui/GitHub/STimage-1K4M//ST/coord/Human_Breast_He_06222020_ST_BC23895_C1_coord.csv","/Users/zhiningsui/GitHub/STimage-1K4M//ST/image/Human_Breast_He_06222020_ST_BC23895_C1.png","/Users/zhiningsui/GitHub/STimage-1K4M//ST/patch",3,2,1,224,"/Users/zhiningsui/GitHub/STimage-1K4M//ST/gene_exp/Human_Breast_He_06222020_ST_BC23895_C1_count.csv"
"Human_Breast_He_06222020_ST_BC23895_C2","Luminal_B","ST","/Users/zhiningsui/GitHub/STimage-1K4M//ST","/Users/zhiningsui/GitHub/STimage-1K4M//ST/coord/Human_Breast_He_06222020_ST_BC23895_C2_coord.csv","/Users/zhiningsui/GitHub/STimage-1K4M//ST/image/Human_Breast_He_06222020_ST_BC23895_C2.png","/Users/zhiningsui/GitHub/STimage-1K4M//ST/patch",3,2,1,224,"/Users/zhiningsui/GitHub/STimage-1K4M//ST/gene_exp/Human_Breast_He_06222020_ST_BC23895_C2_count.csv"
"Human_Breast_He_06222020_ST_BC23895_D1","Luminal_B","ST","/Users/zhiningsui/GitHub/STimage-1K4M//ST","/Users/zhiningsui/GitHub/STimage-1K4M//ST/coord/Human_Breast_He_06222020_ST_BC23895_D1_coord.csv","/Users/zhiningsui/GitHub/STimage-1K4M//ST/image/Human_Breast_He_06222020_ST_BC23895_D1.png","/Users/zhiningsui/GitHub/STimage-1K4M//ST/patch",3,2,1,224,"/Users/zhiningsui/GitHub/STimage-1K4M//ST/gene_exp/Human_Breast_He_06222020_ST_BC23895_D1_count.csv"
"Human_Breast_He_06222020_ST_BC23901_C2","HER2_luminal","ST","/Users/zhiningsui/GitHub/STimage-1K4M//ST","/Users/zhiningsui/GitHub/STimage-1K4M//ST/coord/Human_Breast_He_06222020_ST_BC23901_C2_coord.csv","/Users/zhiningsui/GitHub/STimage-1K4M//ST/image/Human_Breast_He_06222020_ST_BC23901_C2.png","/Users/zhiningsui/GitHub/STimage-1K4M//ST/patch",3,2,1,224,"/Users/zhiningsui/GitHub/STimage-1K4M//ST/gene_exp/Human_Breast_He_06222020_ST_BC23901_C2_count.csv"
"Human_Breast_He_06222020_ST_BC23901_D1","HER2_luminal","ST","/Users/zhiningsui/GitHub/STimage-1K4M//ST","/Users/zhiningsui/GitHub/STimage-1K4M//ST/coord/Human_Breast_He_06222020_ST_BC23901_D1_coord.csv","/Users/zhiningsui/GitHub/STimage-1K4M//ST/image/Human_Breast_He_06222020_ST_BC23901_D1.png","/Users/zhiningsui/GitHub/STimage-1K4M//ST/patch",3,2,1,224,"/Users/zhiningsui/GitHub/STimage-1K4M//ST/gene_exp/Human_Breast_He_06222020_ST_BC23901_D1_count.csv"
"Human_Breast_He_06222020_ST_BC23903_C1","HER2_non_luminal","ST","/Users/zhiningsui/GitHub/STimage-1K4M//ST","/Users/zhiningsui/GitHub/STimage-1K4M//ST/coord/Human_Breast_He_06222020_ST_BC23903_C1_coord.csv","/Users/zhiningsui/GitHub/STimage-1K4M//ST/image/Human_Breast_He_06222020_ST_BC23903_C1.png","/Users/zhiningsui/GitHub/STimage-1K4M//ST/patch",3,2,1,224,"/Users/zhiningsui/GitHub/STimage-1K4M//ST/gene_exp/Human_Breast_He_06222020_ST_BC23903_C1_count.csv"
"Human_Breast_He_06222020_ST_BC23903_C2","HER2_non_luminal","ST","/Users/zhiningsui/GitHub/STimage-1K4M//ST","/Users/zhiningsui/GitHub/STimage-1K4M//ST/coord/Human_Breast_He_06222020_ST_BC23903_C2_coord.csv","/Users/zhiningsui/GitHub/STimage-1K4M//ST/image/Human_Breast_He_06222020_ST_BC23903_C2.png","/Users/zhiningsui/GitHub/STimage-1K4M//ST/patch",3,2,1,224,"/Users/zhiningsui/GitHub/STimage-1K4M//ST/gene_exp/Human_Breast_He_06222020_ST_BC23903_C2_count.csv"
"Human_Breast_He_06222020_ST_BC23903_D1","HER2_non_luminal","ST","/Users/zhiningsui/GitHub/STimage-1K4M//ST","/Users/zhiningsui/GitHub/STimage-1K4M//ST/coord/Human_Breast_He_06222020_ST_BC23903_D1_coord.csv","/Users/zhiningsui/GitHub/STimage-1K4M//ST/image/Human_Breast_He_06222020_ST_BC23903_D1.png","/Users/zhiningsui/GitHub/STimage-1K4M//ST/patch",3,2,1,224,"/Users/zhiningsui/GitHub/STimage-1K4M//ST/gene_exp/Human_Breast_He_06222020_ST_BC23903_D1_count.csv"
"Human_Breast_He_06222020_ST_BC23944_D2","HER2_luminal","ST","/Users/zhiningsui/GitHub/STimage-1K4M//ST","/Users/zhiningsui/GitHub/STimage-1K4M//ST/coord/Human_Breast_He_06222020_ST_BC23944_D2_coord.csv","/Users/zhiningsui/GitHub/STimage-1K4M//ST/image/Human_Breast_He_06222020_ST_BC23944_D2.png","/Users/zhiningsui/GitHub/STimage-1K4M//ST/patch",3,2,1,224,"/Users/zhiningsui/GitHub/STimage-1K4M//ST/gene_exp/Human_Breast_He_06222020_ST_BC23944_D2_count.csv"
"Human_Breast_He_06222020_ST_BC23944_E1","HER2_luminal","ST","/Users/zhiningsui/GitHub/STimage-1K4M//ST","/Users/zhiningsui/GitHub/STimage-1K4M//ST/coord/Human_Breast_He_06222020_ST_BC23944_E1_coord.csv","/Users/zhiningsui/GitHub/STimage-1K4M//ST/image/Human_Breast_He_06222020_ST_BC23944_E1.png","/Users/zhiningsui/GitHub/STimage-1K4M//ST/patch",3,2,1,224,"/Users/zhiningsui/GitHub/STimage-1K4M//ST/gene_exp/Human_Breast_He_06222020_ST_BC23944_E1_count.csv"
"Human_Breast_He_06222020_ST_BC23944_E2","HER2_luminal","ST","/Users/zhiningsui/GitHub/STimage-1K4M//ST","/Users/zhiningsui/GitHub/STimage-1K4M//ST/coord/Human_Breast_He_06222020_ST_BC23944_E2_coord.csv","/Users/zhiningsui/GitHub/STimage-1K4M//ST/image/Human_Breast_He_06222020_ST_BC23944_E2.png","/Users/zhiningsui/GitHub/STimage-1K4M//ST/patch",3,2,1,224,"/Users/zhiningsui/GitHub/STimage-1K4M//ST/gene_exp/Human_Breast_He_06222020_ST_BC23944_E2_count.csv"
"Human_Breast_He_06222020_ST_BC24044_D2","HER2_non_luminal","ST","/Users/zhiningsui/GitHub/STimage-1K4M//ST","/Users/zhiningsui/GitHub/STimage-1K4M//ST/coord/Human_Breast_He_06222020_ST_BC24044_D2_coord.csv","/Users/zhiningsui/GitHub/STimage-1K4M//ST/image/Human_Breast_He_06222020_ST_BC24044_D2.png","/Users/zhiningsui/GitHub/STimage-1K4M//ST/patch",3,2,1,224,"/Users/zhiningsui/GitHub/STimage-1K4M//ST/gene_exp/Human_Breast_He_06222020_ST_BC24044_D2_count.csv"
"Human_Breast_He_06222020_ST_BC24044_E1","HER2_non_luminal","ST","/Users/zhiningsui/GitHub/STimage-1K4M//ST","/Users/zhiningsui/GitHub/STimage-1K4M//ST/coord/Human_Breast_He_06222020_ST_BC24044_E1_coord.csv","/Users/zhiningsui/GitHub/STimage-1K4M//ST/image/Human_Breast_He_06222020_ST_BC24044_E1.png","/Users/zhiningsui/GitHub/STimage-1K4M//ST/patch",3,2,1,224,"/Users/zhiningsui/GitHub/STimage-1K4M//ST/gene_exp/Human_Breast_He_06222020_ST_BC24044_E1_count.csv"
"Human_Breast_He_06222020_ST_BC24044_E2","HER2_non_luminal","ST","/Users/zhiningsui/GitHub/STimage-1K4M//ST","/Users/zhiningsui/GitHub/STimage-1K4M//ST/coord/Human_Breast_He_06222020_ST_BC24044_E2_coord.csv","/Users/zhiningsui/GitHub/STimage-1K4M//ST/image/Human_Breast_He_06222020_ST_BC24044_E2.png","/Users/zhiningsui/GitHub/STimage-1K4M//ST/patch",3,2,1,224,"/Users/zhiningsui/GitHub/STimage-1K4M//ST/gene_exp/Human_Breast_He_06222020_ST_BC24044_E2_count.csv"
"Human_Breast_He_06222020_ST_BC24105_C1","HER2_non_luminal","ST","/Users/zhiningsui/GitHub/STimage-1K4M//ST","/Users/zhiningsui/GitHub/STimage-1K4M//ST/coord/Human_Breast_He_06222020_ST_BC24105_C1_coord.csv","/Users/zhiningsui/GitHub/STimage-1K4M//ST/image/Human_Breast_He_06222020_ST_BC24105_C1.png","/Users/zhiningsui/GitHub/STimage-1K4M//ST/patch",3,2,1,224,"/Users/zhiningsui/GitHub/STimage-1K4M//ST/gene_exp/Human_Breast_He_06222020_ST_BC24105_C1_count.csv"
"Human_Breast_He_06222020_ST_BC24105_C2","HER2_non_luminal","ST","/Users/zhiningsui/GitHub/STimage-1K4M//ST","/Users/zhiningsui/GitHub/STimage-1K4M//ST/coord/Human_Breast_He_06222020_ST_BC24105_C2_coord.csv","/Users/zhiningsui/GitHub/STimage-1K4M//ST/image/Human_Breast_He_06222020_ST_BC24105_C2.png","/Users/zhiningsui/GitHub/STimage-1K4M//ST/patch",3,2,1,224,"/Users/zhiningsui/GitHub/STimage-1K4M//ST/gene_exp/Human_Breast_He_06222020_ST_BC24105_C2_count.csv"
"Human_Breast_He_06222020_ST_BC24105_D1","HER2_non_luminal","ST","/Users/zhiningsui/GitHub/STimage-1K4M//ST","/Users/zhiningsui/GitHub/STimage-1K4M//ST/coord/Human_Breast_He_06222020_ST_BC24105_D1_coord.csv","/Users/zhiningsui/GitHub/STimage-1K4M//ST/image/Human_Breast_He_06222020_ST_BC24105_D1.png","/Users/zhiningsui/GitHub/STimage-1K4M//ST/patch",3,2,1,224,"/Users/zhiningsui/GitHub/STimage-1K4M//ST/gene_exp/Human_Breast_He_06222020_ST_BC24105_D1_count.csv"
"Human_Breast_He_06222020_ST_BC24220_D2","HER2_luminal","ST","/Users/zhiningsui/GitHub/STimage-1K4M//ST","/Users/zhiningsui/GitHub/STimage-1K4M//ST/coord/Human_Breast_He_06222020_ST_BC24220_D2_coord.csv","/Users/zhiningsui/GitHub/STimage-1K4M//ST/image/Human_Breast_He_06222020_ST_BC24220_D2.png","/Users/zhiningsui/GitHub/STimage-1K4M//ST/patch",3,2,1,224,"/Users/zhiningsui/GitHub/STimage-1K4M//ST/gene_exp/Human_Breast_He_06222020_ST_BC24220_D2_count.csv"
"Human_Breast_He_06222020_ST_BC24220_E1","HER2_luminal","ST","/Users/zhiningsui/GitHub/STimage-1K4M//ST","/Users/zhiningsui/GitHub/STimage-1K4M//ST/coord/Human_Breast_He_06222020_ST_BC24220_E1_coord.csv","/Users/zhiningsui/GitHub/STimage-1K4M//ST/image/Human_Breast_He_06222020_ST_BC24220_E1.png","/Users/zhiningsui/GitHub/STimage-1K4M//ST/patch",3,2,1,224,"/Users/zhiningsui/GitHub/STimage-1K4M//ST/gene_exp/Human_Breast_He_06222020_ST_BC24220_E1_count.csv"
"Human_Breast_He_06222020_ST_BC24220_E2","HER2_luminal","ST","/Users/zhiningsui/GitHub/STimage-1K4M//ST","/Users/zhiningsui/GitHub/STimage-1K4M//ST/coord/Human_Breast_He_06222020_ST_BC24220_E2_coord.csv","/Users/zhiningsui/GitHub/STimage-1K4M//ST/image/Human_Breast_He_06222020_ST_BC24220_E2.png","/Users/zhiningsui/GitHub/STimage-1K4M//ST/patch",3,2,1,224,"/Users/zhiningsui/GitHub/STimage-1K4M//ST/gene_exp/Human_Breast_He_06222020_ST_BC24220_E2_count.csv"
"Human_Breast_He_06222020_ST_BC24223_D2","Luminal_A","ST","/Users/zhiningsui/GitHub/STimage-1K4M//ST","/Users/zhiningsui/GitHub/STimage-1K4M//ST/coord/Human_Breast_He_06222020_ST_BC24223_D2_coord.csv","/Users/zhiningsui/GitHub/STimage-1K4M//ST/image/Human_Breast_He_06222020_ST_BC24223_D2.png","/Users/zhiningsui/GitHub/STimage-1K4M//ST/patch",3,2,1,224,"/Users/zhiningsui/GitHub/STimage-1K4M//ST/gene_exp/Human_Breast_He_06222020_ST_BC24223_D2_count.csv"
"Human_Breast_He_06222020_ST_BC24223_E1","Luminal_A","ST","/Users/zhiningsui/GitHub/STimage-1K4M//ST","/Users/zhiningsui/GitHub/STimage-1K4M//ST/coord/Human_Breast_He_06222020_ST_BC24223_E1_coord.csv","/Users/zhiningsui/GitHub/STimage-1K4M//ST/image/Human_Breast_He_06222020_ST_BC24223_E1.png","/Users/zhiningsui/GitHub/STimage-1K4M//ST/patch",3,2,1,224,"/Users/zhiningsui/GitHub/STimage-1K4M//ST/gene_exp/Human_Breast_He_06222020_ST_BC24223_E1_count.csv"
"Human_Breast_He_06222020_ST_BC24223_E2","Luminal_A","ST","/Users/zhiningsui/GitHub/STimage-1K4M//ST","/Users/zhiningsui/GitHub/STimage-1K4M//ST/coord/Human_Breast_He_06222020_ST_BC24223_E2_coord.csv","/Users/zhiningsui/GitHub/STimage-1K4M//ST/image/Human_Breast_He_06222020_ST_BC24223_E2.png","/Users/zhiningsui/GitHub/STimage-1K4M//ST/patch",3,2,1,224,"/Users/zhiningsui/GitHub/STimage-1K4M//ST/gene_exp/Human_Breast_He_06222020_ST_BC24223_E2_count.csv"
"Human_Breast_Wu_06052021_Visium_1142243F","TNBC","Visium","/Users/zhiningsui/GitHub/STimage-1K4M//Visium","/Users/zhiningsui/GitHub/STimage-1K4M//Visium/coord/Human_Breast_Wu_06052021_Visium_1142243F_coord.csv","/Users/zhiningsui/GitHub/STimage-1K4M//Visium/image/Human_Breast_Wu_06052021_Visium_1142243F.png","/Users/zhiningsui/GitHub/STimage-1K4M//Visium/patch",3,2,1,8.5007263905144,"/Users/zhiningsui/GitHub/STimage-1K4M//Visium/gene_exp/Human_Breast_Wu_06052021_Visium_1142243F_count.csv"
"Human_Breast_Wu_06052021_Visium_1160920F","TNBC","Visium","/Users/zhiningsui/GitHub/STimage-1K4M//Visium","/Users/zhiningsui/GitHub/STimage-1K4M//Visium/coord/Human_Breast_Wu_06052021_Visium_1160920F_coord.csv","/Users/zhiningsui/GitHub/STimage-1K4M//Visium/image/Human_Breast_Wu_06052021_Visium_1160920F.png","/Users/zhiningsui/GitHub/STimage-1K4M//Visium/patch",3,2,1,8.53891844258784,"/Users/zhiningsui/GitHub/STimage-1K4M//Visium/gene_exp/Human_Breast_Wu_06052021_Visium_1160920F_count.csv"
"Human_Breast_Wu_06052021_Visium_CID4465","TNBC","Visium","/Users/zhiningsui/GitHub/STimage-1K4M//Visium","/Users/zhiningsui/GitHub/STimage-1K4M//Visium/coord/Human_Breast_Wu_06052021_Visium_CID4465_coord.csv","/Users/zhiningsui/GitHub/STimage-1K4M//Visium/image/Human_Breast_Wu_06052021_Visium_CID4465.png","/Users/zhiningsui/GitHub/STimage-1K4M//Visium/patch",3,2,1,14.7201976015443,"/Users/zhiningsui/GitHub/STimage-1K4M//Visium/gene_exp/Human_Breast_Wu_06052021_Visium_CID4465_count.csv"
"Human_Breast_Wu_06052021_Visium_CID44971","TNBC","Visium","/Users/zhiningsui/GitHub/STimage-1K4M//Visium","/Users/zhiningsui/GitHub/STimage-1K4M//Visium/coord/Human_Breast_Wu_06052021_Visium_CID44971_coord.csv","/Users/zhiningsui/GitHub/STimage-1K4M//Visium/image/Human_Breast_Wu_06052021_Visium_CID44971.png","/Users/zhiningsui/GitHub/STimage-1K4M//Visium/patch",3,2,1,14.7257907449673,"/Users/zhiningsui/GitHub/STimage-1K4M//Visium/gene_exp/Human_Breast_Wu_06052021_Visium_CID44971_count.csv"
"Human_Breast_Wu_06052021_Visium_CID4535","ER+","Visium","/Users/zhiningsui/GitHub/STimage-1K4M//Visium","/Users/zhiningsui/GitHub/STimage-1K4M//Visium/coord/Human_Breast_Wu_06052021_Visium_CID4535_coord.csv","/Users/zhiningsui/GitHub/STimage-1K4M//Visium/image/Human_Breast_Wu_06052021_Visium_CID4535.png","/Users/zhiningsui/GitHub/STimage-1K4M//Visium/patch",3,2,1,14.7262341571543,"/Users/zhiningsui/GitHub/STimage-1K4M//Visium/gene_exp/Human_Breast_Wu_06052021_Visium_CID4535_count.csv"
"Human_Breast_Andersson_10142021_ST_A1","HER2+","ST","/Users/zhiningsui/GitHub/STimage-1K4M//ST","/Users/zhiningsui/GitHub/STimage-1K4M//ST/coord/Human_Breast_Andersson_10142021_ST_A1_coord.csv","/Users/zhiningsui/GitHub/STimage-1K4M//ST/image/Human_Breast_Andersson_10142021_ST_A1.png","/Users/zhiningsui/GitHub/STimage-1K4M//ST/patch",3,2,1,108.656289023813,"/Users/zhiningsui/GitHub/STimage-1K4M//ST/gene_exp/Human_Breast_Andersson_10142021_ST_A1_count.csv"
"Human_Breast_Andersson_10142021_ST_A2","HER2+","ST","/Users/zhiningsui/GitHub/STimage-1K4M//ST","/Users/zhiningsui/GitHub/STimage-1K4M//ST/coord/Human_Breast_Andersson_10142021_ST_A2_coord.csv","/Users/zhiningsui/GitHub/STimage-1K4M//ST/image/Human_Breast_Andersson_10142021_ST_A2.png","/Users/zhiningsui/GitHub/STimage-1K4M//ST/patch",3,2,1,108.84387976169,"/Users/zhiningsui/GitHub/STimage-1K4M//ST/gene_exp/Human_Breast_Andersson_10142021_ST_A2_count.csv"
"Human_Breast_Andersson_10142021_ST_A3","HER2+","ST","/Users/zhiningsui/GitHub/STimage-1K4M//ST","/Users/zhiningsui/GitHub/STimage-1K4M//ST/coord/Human_Breast_Andersson_10142021_ST_A3_coord.csv","/Users/zhiningsui/GitHub/STimage-1K4M//ST/image/Human_Breast_Andersson_10142021_ST_A3.png","/Users/zhiningsui/GitHub/STimage-1K4M//ST/patch",3,2,1,108.359329747621,"/Users/zhiningsui/GitHub/STimage-1K4M//ST/gene_exp/Human_Breast_Andersson_10142021_ST_A3_count.csv"
"Human_Breast_Andersson_10142021_ST_A4","HER2+","ST","/Users/zhiningsui/GitHub/STimage-1K4M//ST","/Users/zhiningsui/GitHub/STimage-1K4M//ST/coord/Human_Breast_Andersson_10142021_ST_A4_coord.csv","/Users/zhiningsui/GitHub/STimage-1K4M//ST/image/Human_Breast_Andersson_10142021_ST_A4.png","/Users/zhiningsui/GitHub/STimage-1K4M//ST/patch",3,2,1,108.984306887533,"/Users/zhiningsui/GitHub/STimage-1K4M//ST/gene_exp/Human_Breast_Andersson_10142021_ST_A4_count.csv"
"Human_Breast_Andersson_10142021_ST_A5","HER2+","ST","/Users/zhiningsui/GitHub/STimage-1K4M//ST","/Users/zhiningsui/GitHub/STimage-1K4M//ST/coord/Human_Breast_Andersson_10142021_ST_A5_coord.csv","/Users/zhiningsui/GitHub/STimage-1K4M//ST/image/Human_Breast_Andersson_10142021_ST_A5.png","/Users/zhiningsui/GitHub/STimage-1K4M//ST/patch",3,2,1,108.843939393939,"/Users/zhiningsui/GitHub/STimage-1K4M//ST/gene_exp/Human_Breast_Andersson_10142021_ST_A5_count.csv"
"Human_Breast_Andersson_10142021_ST_A6","HER2+","ST","/Users/zhiningsui/GitHub/STimage-1K4M//ST","/Users/zhiningsui/GitHub/STimage-1K4M//ST/coord/Human_Breast_Andersson_10142021_ST_A6_coord.csv","/Users/zhiningsui/GitHub/STimage-1K4M//ST/image/Human_Breast_Andersson_10142021_ST_A6.png","/Users/zhiningsui/GitHub/STimage-1K4M//ST/patch",3,2,1,108.184265010352,"/Users/zhiningsui/GitHub/STimage-1K4M//ST/gene_exp/Human_Breast_Andersson_10142021_ST_A6_count.csv"
"Human_Breast_Andersson_10142021_ST_B1","HER2+","ST","/Users/zhiningsui/GitHub/STimage-1K4M//ST","/Users/zhiningsui/GitHub/STimage-1K4M//ST/coord/Human_Breast_Andersson_10142021_ST_B1_coord.csv","/Users/zhiningsui/GitHub/STimage-1K4M//ST/image/Human_Breast_Andersson_10142021_ST_B1.png","/Users/zhiningsui/GitHub/STimage-1K4M//ST/patch",3,2,1,144.687302732438,"/Users/zhiningsui/GitHub/STimage-1K4M//ST/gene_exp/Human_Breast_Andersson_10142021_ST_B1_count.csv"
"Human_Breast_Andersson_10142021_ST_B2","HER2+","ST","/Users/zhiningsui/GitHub/STimage-1K4M//ST","/Users/zhiningsui/GitHub/STimage-1K4M//ST/coord/Human_Breast_Andersson_10142021_ST_B2_coord.csv","/Users/zhiningsui/GitHub/STimage-1K4M//ST/image/Human_Breast_Andersson_10142021_ST_B2.png","/Users/zhiningsui/GitHub/STimage-1K4M//ST/patch",3,2,1,145.031147257311,"/Users/zhiningsui/GitHub/STimage-1K4M//ST/gene_exp/Human_Breast_Andersson_10142021_ST_B2_count.csv"
"Human_Breast_Andersson_10142021_ST_B3","HER2+","ST","/Users/zhiningsui/GitHub/STimage-1K4M//ST","/Users/zhiningsui/GitHub/STimage-1K4M//ST/coord/Human_Breast_Andersson_10142021_ST_B3_coord.csv","/Users/zhiningsui/GitHub/STimage-1K4M//ST/image/Human_Breast_Andersson_10142021_ST_B3.png","/Users/zhiningsui/GitHub/STimage-1K4M//ST/patch",3,2,1,144.671803038781,"/Users/zhiningsui/GitHub/STimage-1K4M//ST/gene_exp/Human_Breast_Andersson_10142021_ST_B3_count.csv"
"Human_Breast_Andersson_10142021_ST_B4","HER2+","ST","/Users/zhiningsui/GitHub/STimage-1K4M//ST","/Users/zhiningsui/GitHub/STimage-1K4M//ST/coord/Human_Breast_Andersson_10142021_ST_B4_coord.csv","/Users/zhiningsui/GitHub/STimage-1K4M//ST/image/Human_Breast_Andersson_10142021_ST_B4.png","/Users/zhiningsui/GitHub/STimage-1K4M//ST/patch",3,2,1,144.874870555747,"/Users/zhiningsui/GitHub/STimage-1K4M//ST/gene_exp/Human_Breast_Andersson_10142021_ST_B4_count.csv"
"Human_Breast_Andersson_10142021_ST_B5","HER2+","ST","/Users/zhiningsui/GitHub/STimage-1K4M//ST","/Users/zhiningsui/GitHub/STimage-1K4M//ST/coord/Human_Breast_Andersson_10142021_ST_B5_coord.csv","/Users/zhiningsui/GitHub/STimage-1K4M//ST/image/Human_Breast_Andersson_10142021_ST_B5.png","/Users/zhiningsui/GitHub/STimage-1K4M//ST/patch",3,2,1,145.062537868952,"/Users/zhiningsui/GitHub/STimage-1K4M//ST/gene_exp/Human_Breast_Andersson_10142021_ST_B5_count.csv"
"Human_Breast_Andersson_10142021_ST_B6","HER2+","ST","/Users/zhiningsui/GitHub/STimage-1K4M//ST","/Users/zhiningsui/GitHub/STimage-1K4M//ST/coord/Human_Breast_Andersson_10142021_ST_B6_coord.csv","/Users/zhiningsui/GitHub/STimage-1K4M//ST/image/Human_Breast_Andersson_10142021_ST_B6.png","/Users/zhiningsui/GitHub/STimage-1K4M//ST/patch",3,2,1,144.859306463627,"/Users/zhiningsui/GitHub/STimage-1K4M//ST/gene_exp/Human_Breast_Andersson_10142021_ST_B6_count.csv"
"Human_Breast_Andersson_10142021_ST_C1","HER2+","ST","/Users/zhiningsui/GitHub/STimage-1K4M//ST","/Users/zhiningsui/GitHub/STimage-1K4M//ST/coord/Human_Breast_Andersson_10142021_ST_C1_coord.csv","/Users/zhiningsui/GitHub/STimage-1K4M//ST/image/Human_Breast_Andersson_10142021_ST_C1.png","/Users/zhiningsui/GitHub/STimage-1K4M//ST/patch",3,2,1,144.562476012939,"/Users/zhiningsui/GitHub/STimage-1K4M//ST/gene_exp/Human_Breast_Andersson_10142021_ST_C1_count.csv"
"Human_Breast_Andersson_10142021_ST_C2","HER2+","ST","/Users/zhiningsui/GitHub/STimage-1K4M//ST","/Users/zhiningsui/GitHub/STimage-1K4M//ST/coord/Human_Breast_Andersson_10142021_ST_C2_coord.csv","/Users/zhiningsui/GitHub/STimage-1K4M//ST/image/Human_Breast_Andersson_10142021_ST_C2.png","/Users/zhiningsui/GitHub/STimage-1K4M//ST/patch",3,2,1,144.906246708101,"/Users/zhiningsui/GitHub/STimage-1K4M//ST/gene_exp/Human_Breast_Andersson_10142021_ST_C2_count.csv"
"Human_Breast_Andersson_10142021_ST_C3","HER2+","ST","/Users/zhiningsui/GitHub/STimage-1K4M//ST","/Users/zhiningsui/GitHub/STimage-1K4M//ST/coord/Human_Breast_Andersson_10142021_ST_C3_coord.csv","/Users/zhiningsui/GitHub/STimage-1K4M//ST/image/Human_Breast_Andersson_10142021_ST_C3.png","/Users/zhiningsui/GitHub/STimage-1K4M//ST/patch",3,2,1,144.843838874813,"/Users/zhiningsui/GitHub/STimage-1K4M//ST/gene_exp/Human_Breast_Andersson_10142021_ST_C3_count.csv"
"Human_Breast_Andersson_10142021_ST_C4","HER2+","ST","/Users/zhiningsui/GitHub/STimage-1K4M//ST","/Users/zhiningsui/GitHub/STimage-1K4M//ST/coord/Human_Breast_Andersson_10142021_ST_C4_coord.csv","/Users/zhiningsui/GitHub/STimage-1K4M//ST/image/Human_Breast_Andersson_10142021_ST_C4.png","/Users/zhiningsui/GitHub/STimage-1K4M//ST/patch",3,2,1,144.968841188981,"/Users/zhiningsui/GitHub/STimage-1K4M//ST/gene_exp/Human_Breast_Andersson_10142021_ST_C4_count.csv"
"Human_Breast_Andersson_10142021_ST_C5","HER2+","ST","/Users/zhiningsui/GitHub/STimage-1K4M//ST","/Users/zhiningsui/GitHub/STimage-1K4M//ST/coord/Human_Breast_Andersson_10142021_ST_C5_coord.csv","/Users/zhiningsui/GitHub/STimage-1K4M//ST/image/Human_Breast_Andersson_10142021_ST_C5.png","/Users/zhiningsui/GitHub/STimage-1K4M//ST/patch",3,2,1,144.875135990505,"/Users/zhiningsui/GitHub/STimage-1K4M//ST/gene_exp/Human_Breast_Andersson_10142021_ST_C5_count.csv"
"Human_Breast_Andersson_10142021_ST_C6","HER2+","ST","/Users/zhiningsui/GitHub/STimage-1K4M//ST","/Users/zhiningsui/GitHub/STimage-1K4M//ST/coord/Human_Breast_Andersson_10142021_ST_C6_coord.csv","/Users/zhiningsui/GitHub/STimage-1K4M//ST/image/Human_Breast_Andersson_10142021_ST_C6.png","/Users/zhiningsui/GitHub/STimage-1K4M//ST/patch",3,2,1,145.124919126064,"/Users/zhiningsui/GitHub/STimage-1K4M//ST/gene_exp/Human_Breast_Andersson_10142021_ST_C6_count.csv"
"Human_Breast_Andersson_10142021_ST_D1","HER2+","ST","/Users/zhiningsui/GitHub/STimage-1K4M//ST","/Users/zhiningsui/GitHub/STimage-1K4M//ST/coord/Human_Breast_Andersson_10142021_ST_D1_coord.csv","/Users/zhiningsui/GitHub/STimage-1K4M//ST/image/Human_Breast_Andersson_10142021_ST_D1.png","/Users/zhiningsui/GitHub/STimage-1K4M//ST/patch",3,2,1,144.922074320577,"/Users/zhiningsui/GitHub/STimage-1K4M//ST/gene_exp/Human_Breast_Andersson_10142021_ST_D1_count.csv"
"Human_Breast_Andersson_10142021_ST_D2","HER2+","ST","/Users/zhiningsui/GitHub/STimage-1K4M//ST","/Users/zhiningsui/GitHub/STimage-1K4M//ST/coord/Human_Breast_Andersson_10142021_ST_D2_coord.csv","/Users/zhiningsui/GitHub/STimage-1K4M//ST/image/Human_Breast_Andersson_10142021_ST_D2.png","/Users/zhiningsui/GitHub/STimage-1K4M//ST/patch",3,2,1,144.953062013364,"/Users/zhiningsui/GitHub/STimage-1K4M//ST/gene_exp/Human_Breast_Andersson_10142021_ST_D2_count.csv"
"Human_Breast_Andersson_10142021_ST_D3","HER2+","ST","/Users/zhiningsui/GitHub/STimage-1K4M//ST","/Users/zhiningsui/GitHub/STimage-1K4M//ST/coord/Human_Breast_Andersson_10142021_ST_D3_coord.csv","/Users/zhiningsui/GitHub/STimage-1K4M//ST/image/Human_Breast_Andersson_10142021_ST_D3.png","/Users/zhiningsui/GitHub/STimage-1K4M//ST/patch",3,2,1,145.265842077496,"/Users/zhiningsui/GitHub/STimage-1K4M//ST/gene_exp/Human_Breast_Andersson_10142021_ST_D3_count.csv"
"Human_Breast_Andersson_10142021_ST_D4","HER2+","ST","/Users/zhiningsui/GitHub/STimage-1K4M//ST","/Users/zhiningsui/GitHub/STimage-1K4M//ST/coord/Human_Breast_Andersson_10142021_ST_D4_coord.csv","/Users/zhiningsui/GitHub/STimage-1K4M//ST/image/Human_Breast_Andersson_10142021_ST_D4.png","/Users/zhiningsui/GitHub/STimage-1K4M//ST/patch",3,2,1,145.422113764453,"/Users/zhiningsui/GitHub/STimage-1K4M//ST/gene_exp/Human_Breast_Andersson_10142021_ST_D4_count.csv"
"Human_Breast_Andersson_10142021_ST_D5","HER2+","ST","/Users/zhiningsui/GitHub/STimage-1K4M//ST","/Users/zhiningsui/GitHub/STimage-1K4M//ST/coord/Human_Breast_Andersson_10142021_ST_D5_coord.csv","/Users/zhiningsui/GitHub/STimage-1K4M//ST/image/Human_Breast_Andersson_10142021_ST_D5.png","/Users/zhiningsui/GitHub/STimage-1K4M//ST/patch",3,2,1,144.875082909573,"/Users/zhiningsui/GitHub/STimage-1K4M//ST/gene_exp/Human_Breast_Andersson_10142021_ST_D5_count.csv"
"Human_Breast_Andersson_10142021_ST_D6","HER2+","ST","/Users/zhiningsui/GitHub/STimage-1K4M//ST","/Users/zhiningsui/GitHub/STimage-1K4M//ST/coord/Human_Breast_Andersson_10142021_ST_D6_coord.csv","/Users/zhiningsui/GitHub/STimage-1K4M//ST/image/Human_Breast_Andersson_10142021_ST_D6.png","/Users/zhiningsui/GitHub/STimage-1K4M//ST/patch",3,2,1,145.093758592246,"/Users/zhiningsui/GitHub/STimage-1K4M//ST/gene_exp/Human_Breast_Andersson_10142021_ST_D6_count.csv"
"Human_Breast_Andersson_10142021_ST_E1","HER2+","ST","/Users/zhiningsui/GitHub/STimage-1K4M//ST","/Users/zhiningsui/GitHub/STimage-1K4M//ST/coord/Human_Breast_Andersson_10142021_ST_E1_coord.csv","/Users/zhiningsui/GitHub/STimage-1K4M//ST/image/Human_Breast_Andersson_10142021_ST_E1.png","/Users/zhiningsui/GitHub/STimage-1K4M//ST/patch",3,2,1,145.656329367732,"/Users/zhiningsui/GitHub/STimage-1K4M//ST/gene_exp/Human_Breast_Andersson_10142021_ST_E1_count.csv"
"Human_Breast_Andersson_10142021_ST_E2","HER2+","ST","/Users/zhiningsui/GitHub/STimage-1K4M//ST","/Users/zhiningsui/GitHub/STimage-1K4M//ST/coord/Human_Breast_Andersson_10142021_ST_E2_coord.csv","/Users/zhiningsui/GitHub/STimage-1K4M//ST/image/Human_Breast_Andersson_10142021_ST_E2.png","/Users/zhiningsui/GitHub/STimage-1K4M//ST/patch",3,2,1,145.437585368291,"/Users/zhiningsui/GitHub/STimage-1K4M//ST/gene_exp/Human_Breast_Andersson_10142021_ST_E2_count.csv"
"Human_Breast_Andersson_10142021_ST_E3","HER2+","ST","/Users/zhiningsui/GitHub/STimage-1K4M//ST","/Users/zhiningsui/GitHub/STimage-1K4M//ST/coord/Human_Breast_Andersson_10142021_ST_E3_coord.csv","/Users/zhiningsui/GitHub/STimage-1K4M//ST/image/Human_Breast_Andersson_10142021_ST_E3.png","/Users/zhiningsui/GitHub/STimage-1K4M//ST/patch",3,2,1,146,"/Users/zhiningsui/GitHub/STimage-1K4M//ST/gene_exp/Human_Breast_Andersson_10142021_ST_E3_count.csv"
"Human_Breast_Andersson_10142021_ST_F1","HER2+","ST","/Users/zhiningsui/GitHub/STimage-1K4M//ST","/Users/zhiningsui/GitHub/STimage-1K4M//ST/coord/Human_Breast_Andersson_10142021_ST_F1_coord.csv","/Users/zhiningsui/GitHub/STimage-1K4M//ST/image/Human_Breast_Andersson_10142021_ST_F1.png","/Users/zhiningsui/GitHub/STimage-1K4M//ST/patch",3,2,1,145.421810699588,"/Users/zhiningsui/GitHub/STimage-1K4M//ST/gene_exp/Human_Breast_Andersson_10142021_ST_F1_count.csv"
"Human_Breast_Andersson_10142021_ST_F2","HER2+","ST","/Users/zhiningsui/GitHub/STimage-1K4M//ST","/Users/zhiningsui/GitHub/STimage-1K4M//ST/coord/Human_Breast_Andersson_10142021_ST_F2_coord.csv","/Users/zhiningsui/GitHub/STimage-1K4M//ST/image/Human_Breast_Andersson_10142021_ST_F2.png","/Users/zhiningsui/GitHub/STimage-1K4M//ST/patch",3,2,1,145.656234405076,"/Users/zhiningsui/GitHub/STimage-1K4M//ST/gene_exp/Human_Breast_Andersson_10142021_ST_F2_count.csv"
"Human_Breast_Andersson_10142021_ST_F3","HER2+","ST","/Users/zhiningsui/GitHub/STimage-1K4M//ST","/Users/zhiningsui/GitHub/STimage-1K4M//ST/coord/Human_Breast_Andersson_10142021_ST_F3_coord.csv","/Users/zhiningsui/GitHub/STimage-1K4M//ST/image/Human_Breast_Andersson_10142021_ST_F3.png","/Users/zhiningsui/GitHub/STimage-1K4M//ST/patch",3,2,1,145.749892872447,"/Users/zhiningsui/GitHub/STimage-1K4M//ST/gene_exp/Human_Breast_Andersson_10142021_ST_F3_count.csv"
"Human_Breast_Andersson_10142021_ST_G1","HER2+","ST","/Users/zhiningsui/GitHub/STimage-1K4M//ST","/Users/zhiningsui/GitHub/STimage-1K4M//ST/coord/Human_Breast_Andersson_10142021_ST_G1_coord.csv","/Users/zhiningsui/GitHub/STimage-1K4M//ST/image/Human_Breast_Andersson_10142021_ST_G1.png","/Users/zhiningsui/GitHub/STimage-1K4M//ST/patch",3,2,1,145.468648379816,"/Users/zhiningsui/GitHub/STimage-1K4M//ST/gene_exp/Human_Breast_Andersson_10142021_ST_G1_count.csv"
"Human_Breast_Andersson_10142021_ST_G2","HER2+","ST","/Users/zhiningsui/GitHub/STimage-1K4M//ST","/Users/zhiningsui/GitHub/STimage-1K4M//ST/coord/Human_Breast_Andersson_10142021_ST_G2_coord.csv","/Users/zhiningsui/GitHub/STimage-1K4M//ST/image/Human_Breast_Andersson_10142021_ST_G2.png","/Users/zhiningsui/GitHub/STimage-1K4M//ST/patch",3,2,1,145.718785796105,"/Users/zhiningsui/GitHub/STimage-1K4M//ST/gene_exp/Human_Breast_Andersson_10142021_ST_G2_count.csv"
"Human_Breast_Andersson_10142021_ST_G3","HER2+","ST","/Users/zhiningsui/GitHub/STimage-1K4M//ST","/Users/zhiningsui/GitHub/STimage-1K4M//ST/coord/Human_Breast_Andersson_10142021_ST_G3_coord.csv","/Users/zhiningsui/GitHub/STimage-1K4M//ST/image/Human_Breast_Andersson_10142021_ST_G3.png","/Users/zhiningsui/GitHub/STimage-1K4M//ST/patch",3,2,1,145.453228476821,"/Users/zhiningsui/GitHub/STimage-1K4M//ST/gene_exp/Human_Breast_Andersson_10142021_ST_G3_count.csv"
"Human_Breast_Andersson_10142021_ST_H1","HER2+","ST","/Users/zhiningsui/GitHub/STimage-1K4M//ST","/Users/zhiningsui/GitHub/STimage-1K4M//ST/coord/Human_Breast_Andersson_10142021_ST_H1_coord.csv","/Users/zhiningsui/GitHub/STimage-1K4M//ST/image/Human_Breast_Andersson_10142021_ST_H1.png","/Users/zhiningsui/GitHub/STimage-1K4M//ST/patch",3,2,1,145.328108852911,"/Users/zhiningsui/GitHub/STimage-1K4M//ST/gene_exp/Human_Breast_Andersson_10142021_ST_H1_count.csv"
"Human_Breast_Andersson_10142021_ST_H2","HER2+","ST","/Users/zhiningsui/GitHub/STimage-1K4M//ST","/Users/zhiningsui/GitHub/STimage-1K4M//ST/coord/Human_Breast_Andersson_10142021_ST_H2_coord.csv","/Users/zhiningsui/GitHub/STimage-1K4M//ST/image/Human_Breast_Andersson_10142021_ST_H2.png","/Users/zhiningsui/GitHub/STimage-1K4M//ST/patch",3,2,1,145.53117224219,"/Users/zhiningsui/GitHub/STimage-1K4M//ST/gene_exp/Human_Breast_Andersson_10142021_ST_H2_count.csv"
"Human_Breast_Andersson_10142021_ST_H3","HER2+","ST","/Users/zhiningsui/GitHub/STimage-1K4M//ST","/Users/zhiningsui/GitHub/STimage-1K4M//ST/coord/Human_Breast_Andersson_10142021_ST_H3_coord.csv","/Users/zhiningsui/GitHub/STimage-1K4M//ST/image/Human_Breast_Andersson_10142021_ST_H3.png","/Users/zhiningsui/GitHub/STimage-1K4M//ST/patch",3,2,1,145.609238267548,"/Users/zhiningsui/GitHub/STimage-1K4M//ST/gene_exp/Human_Breast_Andersson_10142021_ST_H3_count.csv"
"Human_Breast_10X_06232020_Visium_Block_A_Section_1","HER2+","Visium","/Users/zhiningsui/GitHub/STimage-1K4M//Visium","/Users/zhiningsui/GitHub/STimage-1K4M//Visium/coord/Human_Breast_10X_06232020_Visium_Block_A_Section_1_coord.csv","/Users/zhiningsui/GitHub/STimage-1K4M//Visium/image/Human_Breast_10X_06232020_Visium_Block_A_Section_1.png","/Users/zhiningsui/GitHub/STimage-1K4M//Visium/patch",3,2,1,177.481701712934,"/Users/zhiningsui/GitHub/STimage-1K4M//Visium/gene_exp/Human_Breast_10X_06232020_Visium_Block_A_Section_1_count.csv"
"Human_Breast_10X_06232020_Visium_Block_A_Section_2","HER2+","Visium","/Users/zhiningsui/GitHub/STimage-1K4M//Visium","/Users/zhiningsui/GitHub/STimage-1K4M//Visium/coord/Human_Breast_10X_06232020_Visium_Block_A_Section_2_coord.csv","/Users/zhiningsui/GitHub/STimage-1K4M//Visium/image/Human_Breast_10X_06232020_Visium_Block_A_Section_2.png","/Users/zhiningsui/GitHub/STimage-1K4M//Visium/patch",3,2,1,177.430960676284,"/Users/zhiningsui/GitHub/STimage-1K4M//Visium/gene_exp/Human_Breast_10X_06232020_Visium_Block_A_Section_2_count.csv"
"GSE203612_GSM6177599",NA,"Visium","/Users/zhiningsui/GitHub/STimage-1K4M//Visium","/Users/zhiningsui/GitHub/STimage-1K4M//Visium/coord/GSE203612_GSM6177599_coord.csv","/Users/zhiningsui/GitHub/STimage-1K4M//Visium/image/GSE203612_GSM6177599.png","/Users/zhiningsui/GitHub/STimage-1K4M//Visium/patch",3,2,1,14.166151,"/Users/zhiningsui/GitHub/STimage-1K4M//Visium/gene_exp/GSE203612_GSM6177599_count.csv"
"GSE203612_GSM6177601",NA,"Visium","/Users/zhiningsui/GitHub/STimage-1K4M//Visium","/Users/zhiningsui/GitHub/STimage-1K4M//Visium/coord/GSE203612_GSM6177601_coord.csv","/Users/zhiningsui/GitHub/STimage-1K4M//Visium/image/GSE203612_GSM6177601.png","/Users/zhiningsui/GitHub/STimage-1K4M//Visium/patch",3,2,1,15.6579269636944,"/Users/zhiningsui/GitHub/STimage-1K4M//Visium/gene_exp/GSE203612_GSM6177601_count.csv"
"GSE203612_GSM6177603",NA,"Visium","/Users/zhiningsui/GitHub/STimage-1K4M//Visium","/Users/zhiningsui/GitHub/STimage-1K4M//Visium/coord/GSE203612_GSM6177603_coord.csv","/Users/zhiningsui/GitHub/STimage-1K4M//Visium/image/GSE203612_GSM6177603.png","/Users/zhiningsui/GitHub/STimage-1K4M//Visium/patch",3,2,1,16.010852573544,"/Users/zhiningsui/GitHub/STimage-1K4M//Visium/gene_exp/GSE203612_GSM6177603_count.csv"
"GSE210616_GSM6433585","TNBC","Visium","/Users/zhiningsui/GitHub/STimage-1K4M//Visium","/Users/zhiningsui/GitHub/STimage-1K4M//Visium/coord/GSE210616_GSM6433585_coord.csv","/Users/zhiningsui/GitHub/STimage-1K4M//Visium/image/GSE210616_GSM6433585.png","/Users/zhiningsui/GitHub/STimage-1K4M//Visium/patch",3,2,1,14.1769585096005,"/Users/zhiningsui/GitHub/STimage-1K4M//Visium/gene_exp/GSE210616_GSM6433585_count.csv"
"GSE210616_GSM6433586","TNBC","Visium","/Users/zhiningsui/GitHub/STimage-1K4M//Visium","/Users/zhiningsui/GitHub/STimage-1K4M//Visium/coord/GSE210616_GSM6433586_coord.csv","/Users/zhiningsui/GitHub/STimage-1K4M//Visium/image/GSE210616_GSM6433586.png","/Users/zhiningsui/GitHub/STimage-1K4M//Visium/patch",3,2,1,14.4107936533159,"/Users/zhiningsui/GitHub/STimage-1K4M//Visium/gene_exp/GSE210616_GSM6433586_count.csv"
"GSE210616_GSM6433587","TNBC","Visium","/Users/zhiningsui/GitHub/STimage-1K4M//Visium","/Users/zhiningsui/GitHub/STimage-1K4M//Visium/coord/GSE210616_GSM6433587_coord.csv","/Users/zhiningsui/GitHub/STimage-1K4M//Visium/image/GSE210616_GSM6433587.png","/Users/zhiningsui/GitHub/STimage-1K4M//Visium/patch",3,2,1,14.2970903047176,"/Users/zhiningsui/GitHub/STimage-1K4M//Visium/gene_exp/GSE210616_GSM6433587_count.csv"
"GSE210616_GSM6433588","TNBC","Visium","/Users/zhiningsui/GitHub/STimage-1K4M//Visium","/Users/zhiningsui/GitHub/STimage-1K4M//Visium/coord/GSE210616_GSM6433588_coord.csv","/Users/zhiningsui/GitHub/STimage-1K4M//Visium/image/GSE210616_GSM6433588.png","/Users/zhiningsui/GitHub/STimage-1K4M//Visium/patch",3,2,1,14.5321816472467,"/Users/zhiningsui/GitHub/STimage-1K4M//Visium/gene_exp/GSE210616_GSM6433588_count.csv"
"GSE210616_GSM6433589","TNBC","Visium","/Users/zhiningsui/GitHub/STimage-1K4M//Visium","/Users/zhiningsui/GitHub/STimage-1K4M//Visium/coord/GSE210616_GSM6433589_coord.csv","/Users/zhiningsui/GitHub/STimage-1K4M//Visium/image/GSE210616_GSM6433589.png","/Users/zhiningsui/GitHub/STimage-1K4M//Visium/patch",3,2,1,14.5195096036529,"/Users/zhiningsui/GitHub/STimage-1K4M//Visium/gene_exp/GSE210616_GSM6433589_count.csv"
"GSE210616_GSM6433590","TNBC","Visium","/Users/zhiningsui/GitHub/STimage-1K4M//Visium","/Users/zhiningsui/GitHub/STimage-1K4M//Visium/coord/GSE210616_GSM6433590_coord.csv","/Users/zhiningsui/GitHub/STimage-1K4M//Visium/image/GSE210616_GSM6433590.png","/Users/zhiningsui/GitHub/STimage-1K4M//Visium/patch",3,2,1,14.4265554320614,"/Users/zhiningsui/GitHub/STimage-1K4M//Visium/gene_exp/GSE210616_GSM6433590_count.csv"
"GSE210616_GSM6433591","TNBC","Visium","/Users/zhiningsui/GitHub/STimage-1K4M//Visium","/Users/zhiningsui/GitHub/STimage-1K4M//Visium/coord/GSE210616_GSM6433591_coord.csv","/Users/zhiningsui/GitHub/STimage-1K4M//Visium/image/GSE210616_GSM6433591.png","/Users/zhiningsui/GitHub/STimage-1K4M//Visium/patch",3,2,1,15.2642443036813,"/Users/zhiningsui/GitHub/STimage-1K4M//Visium/gene_exp/GSE210616_GSM6433591_count.csv"
"GSE210616_GSM6433592","TNBC","Visium","/Users/zhiningsui/GitHub/STimage-1K4M//Visium","/Users/zhiningsui/GitHub/STimage-1K4M//Visium/coord/GSE210616_GSM6433592_coord.csv","/Users/zhiningsui/GitHub/STimage-1K4M//Visium/image/GSE210616_GSM6433592.png","/Users/zhiningsui/GitHub/STimage-1K4M//Visium/patch",3,2,1,15.2805105460571,"/Users/zhiningsui/GitHub/STimage-1K4M//Visium/gene_exp/GSE210616_GSM6433592_count.csv"
"GSE210616_GSM6433593","TNBC","Visium","/Users/zhiningsui/GitHub/STimage-1K4M//Visium","/Users/zhiningsui/GitHub/STimage-1K4M//Visium/coord/GSE210616_GSM6433593_coord.csv","/Users/zhiningsui/GitHub/STimage-1K4M//Visium/image/GSE210616_GSM6433593.png","/Users/zhiningsui/GitHub/STimage-1K4M//Visium/patch",3,2,1,15.2752713302359,"/Users/zhiningsui/GitHub/STimage-1K4M//Visium/gene_exp/GSE210616_GSM6433593_count.csv"
"GSE210616_GSM6433594","TNBC","Visium","/Users/zhiningsui/GitHub/STimage-1K4M//Visium","/Users/zhiningsui/GitHub/STimage-1K4M//Visium/coord/GSE210616_GSM6433594_coord.csv","/Users/zhiningsui/GitHub/STimage-1K4M//Visium/image/GSE210616_GSM6433594.png","/Users/zhiningsui/GitHub/STimage-1K4M//Visium/patch",3,2,1,15.2797134040542,"/Users/zhiningsui/GitHub/STimage-1K4M//Visium/gene_exp/GSE210616_GSM6433594_count.csv"
"GSE210616_GSM6433595","TNBC","Visium","/Users/zhiningsui/GitHub/STimage-1K4M//Visium","/Users/zhiningsui/GitHub/STimage-1K4M//Visium/coord/GSE210616_GSM6433595_coord.csv","/Users/zhiningsui/GitHub/STimage-1K4M//Visium/image/GSE210616_GSM6433595.png","/Users/zhiningsui/GitHub/STimage-1K4M//Visium/patch",3,2,1,15.2458871116809,"/Users/zhiningsui/GitHub/STimage-1K4M//Visium/gene_exp/GSE210616_GSM6433595_count.csv"
"GSE210616_GSM6433596","TNBC","Visium","/Users/zhiningsui/GitHub/STimage-1K4M//Visium","/Users/zhiningsui/GitHub/STimage-1K4M//Visium/coord/GSE210616_GSM6433596_coord.csv","/Users/zhiningsui/GitHub/STimage-1K4M//Visium/image/GSE210616_GSM6433596.png","/Users/zhiningsui/GitHub/STimage-1K4M//Visium/patch",3,2,1,15.2592127929429,"/Users/zhiningsui/GitHub/STimage-1K4M//Visium/gene_exp/GSE210616_GSM6433596_count.csv"
"GSE210616_GSM6433597","TNBC","Visium","/Users/zhiningsui/GitHub/STimage-1K4M//Visium","/Users/zhiningsui/GitHub/STimage-1K4M//Visium/coord/GSE210616_GSM6433597_coord.csv","/Users/zhiningsui/GitHub/STimage-1K4M//Visium/image/GSE210616_GSM6433597.png","/Users/zhiningsui/GitHub/STimage-1K4M//Visium/patch",3,2,1,16.8347981817923,"/Users/zhiningsui/GitHub/STimage-1K4M//Visium/gene_exp/GSE210616_GSM6433597_count.csv"
"GSE210616_GSM6433598","TNBC","Visium","/Users/zhiningsui/GitHub/STimage-1K4M//Visium","/Users/zhiningsui/GitHub/STimage-1K4M//Visium/coord/GSE210616_GSM6433598_coord.csv","/Users/zhiningsui/GitHub/STimage-1K4M//Visium/image/GSE210616_GSM6433598.png","/Users/zhiningsui/GitHub/STimage-1K4M//Visium/patch",3,2,1,16.7297997668982,"/Users/zhiningsui/GitHub/STimage-1K4M//Visium/gene_exp/GSE210616_GSM6433598_count.csv"
"GSE210616_GSM6433599","TNBC","Visium","/Users/zhiningsui/GitHub/STimage-1K4M//Visium","/Users/zhiningsui/GitHub/STimage-1K4M//Visium/coord/GSE210616_GSM6433599_coord.csv","/Users/zhiningsui/GitHub/STimage-1K4M//Visium/image/GSE210616_GSM6433599.png","/Users/zhiningsui/GitHub/STimage-1K4M//Visium/patch",3,2,1,16.7160347580736,"/Users/zhiningsui/GitHub/STimage-1K4M//Visium/gene_exp/GSE210616_GSM6433599_count.csv"
"GSE210616_GSM6433600","TNBC","Visium","/Users/zhiningsui/GitHub/STimage-1K4M//Visium","/Users/zhiningsui/GitHub/STimage-1K4M//Visium/coord/GSE210616_GSM6433600_coord.csv","/Users/zhiningsui/GitHub/STimage-1K4M//Visium/image/GSE210616_GSM6433600.png","/Users/zhiningsui/GitHub/STimage-1K4M//Visium/patch",3,2,1,16.7227812838662,"/Users/zhiningsui/GitHub/STimage-1K4M//Visium/gene_exp/GSE210616_GSM6433600_count.csv"
"GSE210616_GSM6433601","TNBC","Visium","/Users/zhiningsui/GitHub/STimage-1K4M//Visium","/Users/zhiningsui/GitHub/STimage-1K4M//Visium/coord/GSE210616_GSM6433601_coord.csv","/Users/zhiningsui/GitHub/STimage-1K4M//Visium/image/GSE210616_GSM6433601.png","/Users/zhiningsui/GitHub/STimage-1K4M//Visium/patch",3,2,1,16.8344774808771,"/Users/zhiningsui/GitHub/STimage-1K4M//Visium/gene_exp/GSE210616_GSM6433601_count.csv"
"GSE210616_GSM6433602","TNBC","Visium","/Users/zhiningsui/GitHub/STimage-1K4M//Visium","/Users/zhiningsui/GitHub/STimage-1K4M//Visium/coord/GSE210616_GSM6433602_coord.csv","/Users/zhiningsui/GitHub/STimage-1K4M//Visium/image/GSE210616_GSM6433602.png","/Users/zhiningsui/GitHub/STimage-1K4M//Visium/patch",3,2,1,16.5719956730571,"/Users/zhiningsui/GitHub/STimage-1K4M//Visium/gene_exp/GSE210616_GSM6433602_count.csv"
"GSE210616_GSM6433603","TNBC","Visium","/Users/zhiningsui/GitHub/STimage-1K4M//Visium","/Users/zhiningsui/GitHub/STimage-1K4M//Visium/coord/GSE210616_GSM6433603_coord.csv","/Users/zhiningsui/GitHub/STimage-1K4M//Visium/image/GSE210616_GSM6433603.png","/Users/zhiningsui/GitHub/STimage-1K4M//Visium/patch",3,2,1,16.6917998876925,"/Users/zhiningsui/GitHub/STimage-1K4M//Visium/gene_exp/GSE210616_GSM6433603_count.csv"
"GSE210616_GSM6433604","TNBC","Visium","/Users/zhiningsui/GitHub/STimage-1K4M//Visium","/Users/zhiningsui/GitHub/STimage-1K4M//Visium/coord/GSE210616_GSM6433604_coord.csv","/Users/zhiningsui/GitHub/STimage-1K4M//Visium/image/GSE210616_GSM6433604.png","/Users/zhiningsui/GitHub/STimage-1K4M//Visium/patch",3,2,1,16.7504745654862,"/Users/zhiningsui/GitHub/STimage-1K4M//Visium/gene_exp/GSE210616_GSM6433604_count.csv"
"GSE210616_GSM6433605","TNBC","Visium","/Users/zhiningsui/GitHub/STimage-1K4M//Visium","/Users/zhiningsui/GitHub/STimage-1K4M//Visium/coord/GSE210616_GSM6433605_coord.csv","/Users/zhiningsui/GitHub/STimage-1K4M//Visium/image/GSE210616_GSM6433605.png","/Users/zhiningsui/GitHub/STimage-1K4M//Visium/patch",3,2,1,16.8175429309953,"/Users/zhiningsui/GitHub/STimage-1K4M//Visium/gene_exp/GSE210616_GSM6433605_count.csv"
"GSE210616_GSM6433606","TNBC","Visium","/Users/zhiningsui/GitHub/STimage-1K4M//Visium","/Users/zhiningsui/GitHub/STimage-1K4M//Visium/coord/GSE210616_GSM6433606_coord.csv","/Users/zhiningsui/GitHub/STimage-1K4M//Visium/image/GSE210616_GSM6433606.png","/Users/zhiningsui/GitHub/STimage-1K4M//Visium/patch",3,2,1,16.7431430026601,"/Users/zhiningsui/GitHub/STimage-1K4M//Visium/gene_exp/GSE210616_GSM6433606_count.csv"
"GSE210616_GSM6433607","TNBC","Visium","/Users/zhiningsui/GitHub/STimage-1K4M//Visium","/Users/zhiningsui/GitHub/STimage-1K4M//Visium/coord/GSE210616_GSM6433607_coord.csv","/Users/zhiningsui/GitHub/STimage-1K4M//Visium/image/GSE210616_GSM6433607.png","/Users/zhiningsui/GitHub/STimage-1K4M//Visium/patch",3,2,1,16.7883262424438,"/Users/zhiningsui/GitHub/STimage-1K4M//Visium/gene_exp/GSE210616_GSM6433607_count.csv"
"GSE210616_GSM6433608","TNBC","Visium","/Users/zhiningsui/GitHub/STimage-1K4M//Visium","/Users/zhiningsui/GitHub/STimage-1K4M//Visium/coord/GSE210616_GSM6433608_coord.csv","/Users/zhiningsui/GitHub/STimage-1K4M//Visium/image/GSE210616_GSM6433608.png","/Users/zhiningsui/GitHub/STimage-1K4M//Visium/patch",3,2,1,16.6195450100676,"/Users/zhiningsui/GitHub/STimage-1K4M//Visium/gene_exp/GSE210616_GSM6433608_count.csv"
"GSE210616_GSM6433609","TNBC","Visium","/Users/zhiningsui/GitHub/STimage-1K4M//Visium","/Users/zhiningsui/GitHub/STimage-1K4M//Visium/coord/GSE210616_GSM6433609_coord.csv","/Users/zhiningsui/GitHub/STimage-1K4M//Visium/image/GSE210616_GSM6433609.png","/Users/zhiningsui/GitHub/STimage-1K4M//Visium/patch",3,2,1,16.7219294828558,"/Users/zhiningsui/GitHub/STimage-1K4M//Visium/gene_exp/GSE210616_GSM6433609_count.csv"
"GSE210616_GSM6433610","TNBC","Visium","/Users/zhiningsui/GitHub/STimage-1K4M//Visium","/Users/zhiningsui/GitHub/STimage-1K4M//Visium/coord/GSE210616_GSM6433610_coord.csv","/Users/zhiningsui/GitHub/STimage-1K4M//Visium/image/GSE210616_GSM6433610.png","/Users/zhiningsui/GitHub/STimage-1K4M//Visium/patch",3,2,1,16.7640703689517,"/Users/zhiningsui/GitHub/STimage-1K4M//Visium/gene_exp/GSE210616_GSM6433610_count.csv"
"GSE210616_GSM6433611","TNBC","Visium","/Users/zhiningsui/GitHub/STimage-1K4M//Visium","/Users/zhiningsui/GitHub/STimage-1K4M//Visium/coord/GSE210616_GSM6433611_coord.csv","/Users/zhiningsui/GitHub/STimage-1K4M//Visium/image/GSE210616_GSM6433611.png","/Users/zhiningsui/GitHub/STimage-1K4M//Visium/patch",3,2,1,16.6901708253235,"/Users/zhiningsui/GitHub/STimage-1K4M//Visium/gene_exp/GSE210616_GSM6433611_count.csv"
"GSE210616_GSM6433612","TNBC","Visium","/Users/zhiningsui/GitHub/STimage-1K4M//Visium","/Users/zhiningsui/GitHub/STimage-1K4M//Visium/coord/GSE210616_GSM6433612_coord.csv","/Users/zhiningsui/GitHub/STimage-1K4M//Visium/image/GSE210616_GSM6433612.png","/Users/zhiningsui/GitHub/STimage-1K4M//Visium/patch",3,2,1,16.8535582679182,"/Users/zhiningsui/GitHub/STimage-1K4M//Visium/gene_exp/GSE210616_GSM6433612_count.csv"
"GSE210616_GSM6433613","TNBC","Visium","/Users/zhiningsui/GitHub/STimage-1K4M//Visium","/Users/zhiningsui/GitHub/STimage-1K4M//Visium/coord/GSE210616_GSM6433613_coord.csv","/Users/zhiningsui/GitHub/STimage-1K4M//Visium/image/GSE210616_GSM6433613.png","/Users/zhiningsui/GitHub/STimage-1K4M//Visium/patch",3,2,1,15.1180944828259,"/Users/zhiningsui/GitHub/STimage-1K4M//Visium/gene_exp/GSE210616_GSM6433613_count.csv"
"GSE210616_GSM6433614","TNBC","Visium","/Users/zhiningsui/GitHub/STimage-1K4M//Visium","/Users/zhiningsui/GitHub/STimage-1K4M//Visium/coord/GSE210616_GSM6433614_coord.csv","/Users/zhiningsui/GitHub/STimage-1K4M//Visium/image/GSE210616_GSM6433614.png","/Users/zhiningsui/GitHub/STimage-1K4M//Visium/patch",3,2,1,15.1319805308483,"/Users/zhiningsui/GitHub/STimage-1K4M//Visium/gene_exp/GSE210616_GSM6433614_count.csv"
"GSE210616_GSM6433615","TNBC","Visium","/Users/zhiningsui/GitHub/STimage-1K4M//Visium","/Users/zhiningsui/GitHub/STimage-1K4M//Visium/coord/GSE210616_GSM6433615_coord.csv","/Users/zhiningsui/GitHub/STimage-1K4M//Visium/image/GSE210616_GSM6433615.png","/Users/zhiningsui/GitHub/STimage-1K4M//Visium/patch",3,2,1,15.1276157962586,"/Users/zhiningsui/GitHub/STimage-1K4M//Visium/gene_exp/GSE210616_GSM6433615_count.csv"
"GSE210616_GSM6433616","TNBC","Visium","/Users/zhiningsui/GitHub/STimage-1K4M//Visium","/Users/zhiningsui/GitHub/STimage-1K4M//Visium/coord/GSE210616_GSM6433616_coord.csv","/Users/zhiningsui/GitHub/STimage-1K4M//Visium/image/GSE210616_GSM6433616.png","/Users/zhiningsui/GitHub/STimage-1K4M//Visium/patch",3,2,1,15.1279926679992,"/Users/zhiningsui/GitHub/STimage-1K4M//Visium/gene_exp/GSE210616_GSM6433616_count.csv"
"GSE210616_GSM6433617","TNBC","Visium","/Users/zhiningsui/GitHub/STimage-1K4M//Visium","/Users/zhiningsui/GitHub/STimage-1K4M//Visium/coord/GSE210616_GSM6433617_coord.csv","/Users/zhiningsui/GitHub/STimage-1K4M//Visium/image/GSE210616_GSM6433617.png","/Users/zhiningsui/GitHub/STimage-1K4M//Visium/patch",3,2,1,14.9949735147648,"/Users/zhiningsui/GitHub/STimage-1K4M//Visium/gene_exp/GSE210616_GSM6433617_count.csv"
"GSE210616_GSM6433618","TNBC","Visium","/Users/zhiningsui/GitHub/STimage-1K4M//Visium","/Users/zhiningsui/GitHub/STimage-1K4M//Visium/coord/GSE210616_GSM6433618_coord.csv","/Users/zhiningsui/GitHub/STimage-1K4M//Visium/image/GSE210616_GSM6433618.png","/Users/zhiningsui/GitHub/STimage-1K4M//Visium/patch",3,2,1,15.1560095199048,"/Users/zhiningsui/GitHub/STimage-1K4M//Visium/gene_exp/GSE210616_GSM6433618_count.csv"
"GSE210616_GSM6433619","TNBC","Visium","/Users/zhiningsui/GitHub/STimage-1K4M//Visium","/Users/zhiningsui/GitHub/STimage-1K4M//Visium/coord/GSE210616_GSM6433619_coord.csv","/Users/zhiningsui/GitHub/STimage-1K4M//Visium/image/GSE210616_GSM6433619.png","/Users/zhiningsui/GitHub/STimage-1K4M//Visium/patch",3,2,1,15.1448349650301,"/Users/zhiningsui/GitHub/STimage-1K4M//Visium/gene_exp/GSE210616_GSM6433619_count.csv"
"GSE210616_GSM6433620","TNBC","Visium","/Users/zhiningsui/GitHub/STimage-1K4M//Visium","/Users/zhiningsui/GitHub/STimage-1K4M//Visium/coord/GSE210616_GSM6433620_coord.csv","/Users/zhiningsui/GitHub/STimage-1K4M//Visium/image/GSE210616_GSM6433620.png","/Users/zhiningsui/GitHub/STimage-1K4M//Visium/patch",3,2,1,15.0062591389002,"/Users/zhiningsui/GitHub/STimage-1K4M//Visium/gene_exp/GSE210616_GSM6433620_count.csv"
"GSE210616_GSM6433621","TNBC","Visium","/Users/zhiningsui/GitHub/STimage-1K4M//Visium","/Users/zhiningsui/GitHub/STimage-1K4M//Visium/coord/GSE210616_GSM6433621_coord.csv","/Users/zhiningsui/GitHub/STimage-1K4M//Visium/image/GSE210616_GSM6433621.png","/Users/zhiningsui/GitHub/STimage-1K4M//Visium/patch",3,2,1,15.2489406498207,"/Users/zhiningsui/GitHub/STimage-1K4M//Visium/gene_exp/GSE210616_GSM6433621_count.csv"
"GSE210616_GSM6433622","TNBC","Visium","/Users/zhiningsui/GitHub/STimage-1K4M//Visium","/Users/zhiningsui/GitHub/STimage-1K4M//Visium/coord/GSE210616_GSM6433622_coord.csv","/Users/zhiningsui/GitHub/STimage-1K4M//Visium/image/GSE210616_GSM6433622.png","/Users/zhiningsui/GitHub/STimage-1K4M//Visium/patch",3,2,1,15.2640105633033,"/Users/zhiningsui/GitHub/STimage-1K4M//Visium/gene_exp/GSE210616_GSM6433622_count.csv"
"GSE210616_GSM6433623","TNBC","Visium","/Users/zhiningsui/GitHub/STimage-1K4M//Visium","/Users/zhiningsui/GitHub/STimage-1K4M//Visium/coord/GSE210616_GSM6433623_coord.csv","/Users/zhiningsui/GitHub/STimage-1K4M//Visium/image/GSE210616_GSM6433623.png","/Users/zhiningsui/GitHub/STimage-1K4M//Visium/patch",3,2,1,15.2555441736988,"/Users/zhiningsui/GitHub/STimage-1K4M//Visium/gene_exp/GSE210616_GSM6433623_count.csv"
"GSE210616_GSM6433624","TNBC","Visium","/Users/zhiningsui/GitHub/STimage-1K4M//Visium","/Users/zhiningsui/GitHub/STimage-1K4M//Visium/coord/GSE210616_GSM6433624_coord.csv","/Users/zhiningsui/GitHub/STimage-1K4M//Visium/image/GSE210616_GSM6433624.png","/Users/zhiningsui/GitHub/STimage-1K4M//Visium/patch",3,2,1,15.0700302076398,"/Users/zhiningsui/GitHub/STimage-1K4M//Visium/gene_exp/GSE210616_GSM6433624_count.csv"
"GSE210616_GSM6433625","TNBC","Visium","/Users/zhiningsui/GitHub/STimage-1K4M//Visium","/Users/zhiningsui/GitHub/STimage-1K4M//Visium/coord/GSE210616_GSM6433625_coord.csv","/Users/zhiningsui/GitHub/STimage-1K4M//Visium/image/GSE210616_GSM6433625.png","/Users/zhiningsui/GitHub/STimage-1K4M//Visium/patch",3,2,1,15.0740887885254,"/Users/zhiningsui/GitHub/STimage-1K4M//Visium/gene_exp/GSE210616_GSM6433625_count.csv"
"GSE210616_GSM6433626","TNBC","Visium","/Users/zhiningsui/GitHub/STimage-1K4M//Visium","/Users/zhiningsui/GitHub/STimage-1K4M//Visium/coord/GSE210616_GSM6433626_coord.csv","/Users/zhiningsui/GitHub/STimage-1K4M//Visium/image/GSE210616_GSM6433626.png","/Users/zhiningsui/GitHub/STimage-1K4M//Visium/patch",3,2,1,15.0829200297901,"/Users/zhiningsui/GitHub/STimage-1K4M//Visium/gene_exp/GSE210616_GSM6433626_count.csv"
"GSE210616_GSM6433627","TNBC","Visium","/Users/zhiningsui/GitHub/STimage-1K4M//Visium","/Users/zhiningsui/GitHub/STimage-1K4M//Visium/coord/GSE210616_GSM6433627_coord.csv","/Users/zhiningsui/GitHub/STimage-1K4M//Visium/image/GSE210616_GSM6433627.png","/Users/zhiningsui/GitHub/STimage-1K4M//Visium/patch",3,2,1,15.0744285140164,"/Users/zhiningsui/GitHub/STimage-1K4M//Visium/gene_exp/GSE210616_GSM6433627_count.csv"
"GSE213688_GSM6592049","CL-like","Visium","/Users/zhiningsui/GitHub/STimage-1K4M//Visium","/Users/zhiningsui/GitHub/STimage-1K4M//Visium/coord/GSE213688_GSM6592049_coord.csv","/Users/zhiningsui/GitHub/STimage-1K4M//Visium/image/GSE213688_GSM6592049.png","/Users/zhiningsui/GitHub/STimage-1K4M//Visium/patch",3,2,1,16.3829064337313,"/Users/zhiningsui/GitHub/STimage-1K4M//Visium/gene_exp/GSE213688_GSM6592049_count.csv"
"GSE213688_GSM6592050","Unstable TNBC","Visium","/Users/zhiningsui/GitHub/STimage-1K4M//Visium","/Users/zhiningsui/GitHub/STimage-1K4M//Visium/coord/GSE213688_GSM6592050_coord.csv","/Users/zhiningsui/GitHub/STimage-1K4M//Visium/image/GSE213688_GSM6592050.png","/Users/zhiningsui/GitHub/STimage-1K4M//Visium/patch",3,2,1,16.6115454243091,"/Users/zhiningsui/GitHub/STimage-1K4M//Visium/gene_exp/GSE213688_GSM6592050_count.csv"
"GSE213688_GSM6592051","UnstableTNBC","Visium","/Users/zhiningsui/GitHub/STimage-1K4M//Visium","/Users/zhiningsui/GitHub/STimage-1K4M//Visium/coord/GSE213688_GSM6592051_coord.csv","/Users/zhiningsui/GitHub/STimage-1K4M//Visium/image/GSE213688_GSM6592051.png","/Users/zhiningsui/GitHub/STimage-1K4M//Visium/patch",3,2,1,12.6621165240827,"/Users/zhiningsui/GitHub/STimage-1K4M//Visium/gene_exp/GSE213688_GSM6592051_count.csv"
"GSE213688_GSM6592052","UnstableTNBC","Visium","/Users/zhiningsui/GitHub/STimage-1K4M//Visium","/Users/zhiningsui/GitHub/STimage-1K4M//Visium/coord/GSE213688_GSM6592052_coord.csv","/Users/zhiningsui/GitHub/STimage-1K4M//Visium/image/GSE213688_GSM6592052.png","/Users/zhiningsui/GitHub/STimage-1K4M//Visium/patch",3,2,1,16.0863065087433,"/Users/zhiningsui/GitHub/STimage-1K4M//Visium/gene_exp/GSE213688_GSM6592052_count.csv"
"GSE213688_GSM6592053","UnstableTNBC","Visium","/Users/zhiningsui/GitHub/STimage-1K4M//Visium","/Users/zhiningsui/GitHub/STimage-1K4M//Visium/coord/GSE213688_GSM6592053_coord.csv","/Users/zhiningsui/GitHub/STimage-1K4M//Visium/image/GSE213688_GSM6592053.png","/Users/zhiningsui/GitHub/STimage-1K4M//Visium/patch",3,2,1,16.4169657616953,"/Users/zhiningsui/GitHub/STimage-1K4M//Visium/gene_exp/GSE213688_GSM6592053_count.csv"
"GSE213688_GSM6592054","CL-like","Visium","/Users/zhiningsui/GitHub/STimage-1K4M//Visium","/Users/zhiningsui/GitHub/STimage-1K4M//Visium/coord/GSE213688_GSM6592054_coord.csv","/Users/zhiningsui/GitHub/STimage-1K4M//Visium/image/GSE213688_GSM6592054.png","/Users/zhiningsui/GitHub/STimage-1K4M//Visium/patch",3,2,1,16.0866967393439,"/Users/zhiningsui/GitHub/STimage-1K4M//Visium/gene_exp/GSE213688_GSM6592054_count.csv"
"GSE213688_GSM6592055","CL-like","Visium","/Users/zhiningsui/GitHub/STimage-1K4M//Visium","/Users/zhiningsui/GitHub/STimage-1K4M//Visium/coord/GSE213688_GSM6592055_coord.csv","/Users/zhiningsui/GitHub/STimage-1K4M//Visium/image/GSE213688_GSM6592055.png","/Users/zhiningsui/GitHub/STimage-1K4M//Visium/patch",3,2,1,16.2317827921094,"/Users/zhiningsui/GitHub/STimage-1K4M//Visium/gene_exp/GSE213688_GSM6592055_count.csv"
"GSE213688_GSM6592056","CL-like","Visium","/Users/zhiningsui/GitHub/STimage-1K4M//Visium","/Users/zhiningsui/GitHub/STimage-1K4M//Visium/coord/GSE213688_GSM6592056_coord.csv","/Users/zhiningsui/GitHub/STimage-1K4M//Visium/image/GSE213688_GSM6592056.png","/Users/zhiningsui/GitHub/STimage-1K4M//Visium/patch",3,2,1,16.4576497994646,"/Users/zhiningsui/GitHub/STimage-1K4M//Visium/gene_exp/GSE213688_GSM6592056_count.csv"
"GSE213688_GSM6592057","CL-like","Visium","/Users/zhiningsui/GitHub/STimage-1K4M//Visium","/Users/zhiningsui/GitHub/STimage-1K4M//Visium/coord/GSE213688_GSM6592057_coord.csv","/Users/zhiningsui/GitHub/STimage-1K4M//Visium/image/GSE213688_GSM6592057.png","/Users/zhiningsui/GitHub/STimage-1K4M//Visium/patch",3,2,1,16.5598736756296,"/Users/zhiningsui/GitHub/STimage-1K4M//Visium/gene_exp/GSE213688_GSM6592057_count.csv"
"GSE213688_GSM6592058","CL-like","Visium","/Users/zhiningsui/GitHub/STimage-1K4M//Visium","/Users/zhiningsui/GitHub/STimage-1K4M//Visium/coord/GSE213688_GSM6592058_coord.csv","/Users/zhiningsui/GitHub/STimage-1K4M//Visium/image/GSE213688_GSM6592058.png","/Users/zhiningsui/GitHub/STimage-1K4M//Visium/patch",3,2,1,16.597991425169,"/Users/zhiningsui/GitHub/STimage-1K4M//Visium/gene_exp/GSE213688_GSM6592058_count.csv"
"GSE213688_GSM6592059","MBC_spindle","Visium","/Users/zhiningsui/GitHub/STimage-1K4M//Visium","/Users/zhiningsui/GitHub/STimage-1K4M//Visium/coord/GSE213688_GSM6592059_coord.csv","/Users/zhiningsui/GitHub/STimage-1K4M//Visium/image/GSE213688_GSM6592059.png","/Users/zhiningsui/GitHub/STimage-1K4M//Visium/patch",3,2,1,15.3798770343189,"/Users/zhiningsui/GitHub/STimage-1K4M//Visium/gene_exp/GSE213688_GSM6592059_count.csv"
"GSE213688_GSM6592060","MBC_spindle","Visium","/Users/zhiningsui/GitHub/STimage-1K4M//Visium","/Users/zhiningsui/GitHub/STimage-1K4M//Visium/coord/GSE213688_GSM6592060_coord.csv","/Users/zhiningsui/GitHub/STimage-1K4M//Visium/image/GSE213688_GSM6592060.png","/Users/zhiningsui/GitHub/STimage-1K4M//Visium/patch",3,2,1,15.5226709680563,"/Users/zhiningsui/GitHub/STimage-1K4M//Visium/gene_exp/GSE213688_GSM6592060_count.csv"
"GSE213688_GSM6592061","MBC_chondroid","Visium","/Users/zhiningsui/GitHub/STimage-1K4M//Visium","/Users/zhiningsui/GitHub/STimage-1K4M//Visium/coord/GSE213688_GSM6592061_coord.csv","/Users/zhiningsui/GitHub/STimage-1K4M//Visium/image/GSE213688_GSM6592061.png","/Users/zhiningsui/GitHub/STimage-1K4M//Visium/patch",3,2,1,15.1728266960579,"/Users/zhiningsui/GitHub/STimage-1K4M//Visium/gene_exp/GSE213688_GSM6592061_count.csv"
"GSE213688_GSM6592062","MBC_NST","Visium","/Users/zhiningsui/GitHub/STimage-1K4M//Visium","/Users/zhiningsui/GitHub/STimage-1K4M//Visium/coord/GSE213688_GSM6592062_coord.csv","/Users/zhiningsui/GitHub/STimage-1K4M//Visium/image/GSE213688_GSM6592062.png","/Users/zhiningsui/GitHub/STimage-1K4M//Visium/patch",3,2,1,15.1728618629517,"/Users/zhiningsui/GitHub/STimage-1K4M//Visium/gene_exp/GSE213688_GSM6592062_count.csv"
"GSE214571_GSM6612124","ER+","Visium","/Users/zhiningsui/GitHub/STimage-1K4M//Visium","/Users/zhiningsui/GitHub/STimage-1K4M//Visium/coord/GSE214571_GSM6612124_coord.csv","/Users/zhiningsui/GitHub/STimage-1K4M//Visium/image/GSE214571_GSM6612124.png","/Users/zhiningsui/GitHub/STimage-1K4M//Visium/patch",3,2,1,15.8539146021901,"/Users/zhiningsui/GitHub/STimage-1K4M//Visium/gene_exp/GSE214571_GSM6612124_count.csv"
"GSE214571_GSM6612125","ER+","Visium","/Users/zhiningsui/GitHub/STimage-1K4M//Visium","/Users/zhiningsui/GitHub/STimage-1K4M//Visium/coord/GSE214571_GSM6612125_coord.csv","/Users/zhiningsui/GitHub/STimage-1K4M//Visium/image/GSE214571_GSM6612125.png","/Users/zhiningsui/GitHub/STimage-1K4M//Visium/patch",3,2,1,15.8505016368455,"/Users/zhiningsui/GitHub/STimage-1K4M//Visium/gene_exp/GSE214571_GSM6612125_count.csv"
"GSE214571_GSM6612126","ER+","Visium","/Users/zhiningsui/GitHub/STimage-1K4M//Visium","/Users/zhiningsui/GitHub/STimage-1K4M//Visium/coord/GSE214571_GSM6612126_coord.csv","/Users/zhiningsui/GitHub/STimage-1K4M//Visium/image/GSE214571_GSM6612126.png","/Users/zhiningsui/GitHub/STimage-1K4M//Visium/patch",3,2,1,15.8526103281064,"/Users/zhiningsui/GitHub/STimage-1K4M//Visium/gene_exp/GSE214571_GSM6612126_count.csv"
"GSE214571_GSM6612127","ER+","Visium","/Users/zhiningsui/GitHub/STimage-1K4M//Visium","/Users/zhiningsui/GitHub/STimage-1K4M//Visium/coord/GSE214571_GSM6612127_coord.csv","/Users/zhiningsui/GitHub/STimage-1K4M//Visium/image/GSE214571_GSM6612127.png","/Users/zhiningsui/GitHub/STimage-1K4M//Visium/patch",3,2,1,15.3343332127285,"/Users/zhiningsui/GitHub/STimage-1K4M//Visium/gene_exp/GSE214571_GSM6612127_count.csv"
"GSE242311_GSM7757970","Luminal","Visium","/Users/zhiningsui/GitHub/STimage-1K4M//Visium","/Users/zhiningsui/GitHub/STimage-1K4M//Visium/coord/GSE242311_GSM7757970_coord.csv","/Users/zhiningsui/GitHub/STimage-1K4M//Visium/image/GSE242311_GSM7757970.png","/Users/zhiningsui/GitHub/STimage-1K4M//Visium/patch",3,2,1,15.8681941809742,"/Users/zhiningsui/GitHub/STimage-1K4M//Visium/gene_exp/GSE242311_GSM7757970_count.csv"
"GSE242311_GSM7757971","Luminal","Visium","/Users/zhiningsui/GitHub/STimage-1K4M//Visium","/Users/zhiningsui/GitHub/STimage-1K4M//Visium/coord/GSE242311_GSM7757971_coord.csv","/Users/zhiningsui/GitHub/STimage-1K4M//Visium/image/GSE242311_GSM7757971.png","/Users/zhiningsui/GitHub/STimage-1K4M//Visium/patch",3,2,1,16.0583503735982,"/Users/zhiningsui/GitHub/STimage-1K4M//Visium/gene_exp/GSE242311_GSM7757971_count.csv"
"GSE242311_GSM7757972","Luminal","Visium","/Users/zhiningsui/GitHub/STimage-1K4M//Visium","/Users/zhiningsui/GitHub/STimage-1K4M//Visium/coord/GSE242311_GSM7757972_coord.csv","/Users/zhiningsui/GitHub/STimage-1K4M//Visium/image/GSE242311_GSM7757972.png","/Users/zhiningsui/GitHub/STimage-1K4M//Visium/patch",3,2,1,16.1712311951982,"/Users/zhiningsui/GitHub/STimage-1K4M//Visium/gene_exp/GSE242311_GSM7757972_count.csv"
"GSE242311_GSM7757973","Luminal","Visium","/Users/zhiningsui/GitHub/STimage-1K4M//Visium","/Users/zhiningsui/GitHub/STimage-1K4M//Visium/coord/GSE242311_GSM7757973_coord.csv","/Users/zhiningsui/GitHub/STimage-1K4M//Visium/image/GSE242311_GSM7757973.png","/Users/zhiningsui/GitHub/STimage-1K4M//Visium/patch",3,2,1,16.2569194861214,"/Users/zhiningsui/GitHub/STimage-1K4M//Visium/gene_exp/GSE242311_GSM7757973_count.csv"
"GSE242311_GSM7757974","Luminal","Visium","/Users/zhiningsui/GitHub/STimage-1K4M//Visium","/Users/zhiningsui/GitHub/STimage-1K4M//Visium/coord/GSE242311_GSM7757974_coord.csv","/Users/zhiningsui/GitHub/STimage-1K4M//Visium/image/GSE242311_GSM7757974.png","/Users/zhiningsui/GitHub/STimage-1K4M//Visium/patch",3,2,1,16.3488141413079,"/Users/zhiningsui/GitHub/STimage-1K4M//Visium/gene_exp/GSE242311_GSM7757974_count.csv"
"GSE242311_GSM7757975","Luminal","Visium","/Users/zhiningsui/GitHub/STimage-1K4M//Visium","/Users/zhiningsui/GitHub/STimage-1K4M//Visium/coord/GSE242311_GSM7757975_coord.csv","/Users/zhiningsui/GitHub/STimage-1K4M//Visium/image/GSE242311_GSM7757975.png","/Users/zhiningsui/GitHub/STimage-1K4M//Visium/patch",3,2,1,16.2586587256354,"/Users/zhiningsui/GitHub/STimage-1K4M//Visium/gene_exp/GSE242311_GSM7757975_count.csv"
"GSE242311_GSM7757976","Luminal","Visium","/Users/zhiningsui/GitHub/STimage-1K4M//Visium","/Users/zhiningsui/GitHub/STimage-1K4M//Visium/coord/GSE242311_GSM7757976_coord.csv","/Users/zhiningsui/GitHub/STimage-1K4M//Visium/image/GSE242311_GSM7757976.png","/Users/zhiningsui/GitHub/STimage-1K4M//Visium/patch",3,2,1,16.3212098015943,"/Users/zhiningsui/GitHub/STimage-1K4M//Visium/gene_exp/GSE242311_GSM7757976_count.csv"
"GSE242311_GSM7757977","Luminal","Visium","/Users/zhiningsui/GitHub/STimage-1K4M//Visium","/Users/zhiningsui/GitHub/STimage-1K4M//Visium/coord/GSE242311_GSM7757977_coord.csv","/Users/zhiningsui/GitHub/STimage-1K4M//Visium/image/GSE242311_GSM7757977.png","/Users/zhiningsui/GitHub/STimage-1K4M//Visium/patch",3,2,1,16.0789763896807,"/Users/zhiningsui/GitHub/STimage-1K4M//Visium/gene_exp/GSE242311_GSM7757977_count.csv"
"GSE242311_GSM7757978","Luminal","Visium","/Users/zhiningsui/GitHub/STimage-1K4M//Visium","/Users/zhiningsui/GitHub/STimage-1K4M//Visium/coord/GSE242311_GSM7757978_coord.csv","/Users/zhiningsui/GitHub/STimage-1K4M//Visium/image/GSE242311_GSM7757978.png","/Users/zhiningsui/GitHub/STimage-1K4M//Visium/patch",3,2,1,15.8949274794296,"/Users/zhiningsui/GitHub/STimage-1K4M//Visium/gene_exp/GSE242311_GSM7757978_count.csv"
"GSE242311_GSM7757979","Luminal","Visium","/Users/zhiningsui/GitHub/STimage-1K4M//Visium","/Users/zhiningsui/GitHub/STimage-1K4M//Visium/coord/GSE242311_GSM7757979_coord.csv","/Users/zhiningsui/GitHub/STimage-1K4M//Visium/image/GSE242311_GSM7757979.png","/Users/zhiningsui/GitHub/STimage-1K4M//Visium/patch",3,2,1,16.4312325684221,"/Users/zhiningsui/GitHub/STimage-1K4M//Visium/gene_exp/GSE242311_GSM7757979_count.csv"
"GSE242311_GSM7757980","Luminal","Visium","/Users/zhiningsui/GitHub/STimage-1K4M//Visium","/Users/zhiningsui/GitHub/STimage-1K4M//Visium/coord/GSE242311_GSM7757980_coord.csv","/Users/zhiningsui/GitHub/STimage-1K4M//Visium/image/GSE242311_GSM7757980.png","/Users/zhiningsui/GitHub/STimage-1K4M//Visium/patch",3,2,1,16.4364627707378,"/Users/zhiningsui/GitHub/STimage-1K4M//Visium/gene_exp/GSE242311_GSM7757980_count.csv"
"GSE242311_GSM7757981","Luminal","Visium","/Users/zhiningsui/GitHub/STimage-1K4M//Visium","/Users/zhiningsui/GitHub/STimage-1K4M//Visium/coord/GSE242311_GSM7757981_coord.csv","/Users/zhiningsui/GitHub/STimage-1K4M//Visium/image/GSE242311_GSM7757981.png","/Users/zhiningsui/GitHub/STimage-1K4M//Visium/patch",3,2,1,15.8159299877795,"/Users/zhiningsui/GitHub/STimage-1K4M//Visium/gene_exp/GSE242311_GSM7757981_count.csv"
"GSE242311_GSM7757982","Luminal","Visium","/Users/zhiningsui/GitHub/STimage-1K4M//Visium","/Users/zhiningsui/GitHub/STimage-1K4M//Visium/coord/GSE242311_GSM7757982_coord.csv","/Users/zhiningsui/GitHub/STimage-1K4M//Visium/image/GSE242311_GSM7757982.png","/Users/zhiningsui/GitHub/STimage-1K4M//Visium/patch",3,2,1,16.4100069479603,"/Users/zhiningsui/GitHub/STimage-1K4M//Visium/gene_exp/GSE242311_GSM7757982_count.csv"
"GSE242311_GSM7757983","Luminal","Visium","/Users/zhiningsui/GitHub/STimage-1K4M//Visium","/Users/zhiningsui/GitHub/STimage-1K4M//Visium/coord/GSE242311_GSM7757983_coord.csv","/Users/zhiningsui/GitHub/STimage-1K4M//Visium/image/GSE242311_GSM7757983.png","/Users/zhiningsui/GitHub/STimage-1K4M//Visium/patch",3,2,1,16.4989010459294,"/Users/zhiningsui/GitHub/STimage-1K4M//Visium/gene_exp/GSE242311_GSM7757983_count.csv"
"GSE242311_GSM7757984","Luminal","Visium","/Users/zhiningsui/GitHub/STimage-1K4M//Visium","/Users/zhiningsui/GitHub/STimage-1K4M//Visium/coord/GSE242311_GSM7757984_coord.csv","/Users/zhiningsui/GitHub/STimage-1K4M//Visium/image/GSE242311_GSM7757984.png","/Users/zhiningsui/GitHub/STimage-1K4M//Visium/patch",3,2,1,16.1890286992748,"/Users/zhiningsui/GitHub/STimage-1K4M//Visium/gene_exp/GSE242311_GSM7757984_count.csv"
"GSE242311_GSM7757985","Luminal","Visium","/Users/zhiningsui/GitHub/STimage-1K4M//Visium","/Users/zhiningsui/GitHub/STimage-1K4M//Visium/coord/GSE242311_GSM7757985_coord.csv","/Users/zhiningsui/GitHub/STimage-1K4M//Visium/image/GSE242311_GSM7757985.png","/Users/zhiningsui/GitHub/STimage-1K4M//Visium/patch",3,2,1,16.1923184512318,"/Users/zhiningsui/GitHub/STimage-1K4M//Visium/gene_exp/GSE242311_GSM7757985_count.csv"
"Human_Breast_10X_02132023_Visium",NA,"Visium","/Users/zhiningsui/GitHub/STimage-1K4M//Visium","/Users/zhiningsui/GitHub/STimage-1K4M//Visium/coord/Human_Breast_10X_02132023_Visium_coord.csv","/Users/zhiningsui/GitHub/STimage-1K4M//Visium/image/Human_Breast_10X_02132023_Visium.png","/Users/zhiningsui/GitHub/STimage-1K4M//Visium/patch",3,2,1,255.646495641038,"/Users/zhiningsui/GitHub/STimage-1K4M//Visium/gene_exp/Human_Breast_10X_02132023_Visium_count.csv"
"Human_Breast_10X_06092021_Visium",NA,"Visium","/Users/zhiningsui/GitHub/STimage-1K4M//Visium","/Users/zhiningsui/GitHub/STimage-1K4M//Visium/coord/Human_Breast_10X_06092021_Visium_coord.csv","/Users/zhiningsui/GitHub/STimage-1K4M//Visium/image/Human_Breast_10X_06092021_Visium.png","/Users/zhiningsui/GitHub/STimage-1K4M//Visium/patch",3,2,1,188.569988546459,"/Users/zhiningsui/GitHub/STimage-1K4M//Visium/gene_exp/Human_Breast_10X_06092021_Visium_count.csv"
"Human_Breast_10X_07012022_Visium",NA,"Visium","/Users/zhiningsui/GitHub/STimage-1K4M//Visium","/Users/zhiningsui/GitHub/STimage-1K4M//Visium/coord/Human_Breast_10X_07012022_Visium_coord.csv","/Users/zhiningsui/GitHub/STimage-1K4M//Visium/image/Human_Breast_10X_07012022_Visium.png","/Users/zhiningsui/GitHub/STimage-1K4M//Visium/patch",3,2,1,176.5483,"/Users/zhiningsui/GitHub/STimage-1K4M//Visium/gene_exp/Human_Breast_10X_07012022_Visium_count.csv"
"Human_Breast_10X_10272020_Visium_WholeTranscriptome",NA,"Visium","/Users/zhiningsui/GitHub/STimage-1K4M//Visium","/Users/zhiningsui/GitHub/STimage-1K4M//Visium/coord/Human_Breast_10X_10272020_Visium_WholeTranscriptome_coord.csv","/Users/zhiningsui/GitHub/STimage-1K4M//Visium/image/Human_Breast_10X_10272020_Visium_WholeTranscriptome.png","/Users/zhiningsui/GitHub/STimage-1K4M//Visium/patch",3,2,1,177.498474313412,"/Users/zhiningsui/GitHub/STimage-1K4M//Visium/gene_exp/Human_Breast_10X_10272020_Visium_WholeTranscriptome_count.csv"
